timestamp,session_id,cfg,frame,sub_frame,version,platform,time_cpu_cycles,num_detected_obj,num_tlvs,packet_len,tlv_summary,presence_indication,point_count,target_count,target_index_count,vital_count,unknown_tlv_summary
1783488722.063,aop6m_test_02,vital_signs_AOP_6m.cfg,3,0,50659332,682051,0,4,2,112,1020:52;1021:4,1,4,0,0,0,
1783488722.160,aop6m_test_02,vital_signs_AOP_6m.cfg,4,0,50659332,682051,0,4,2,112,1020:52;1021:4,1,4,0,0,0,
1783488722.244,aop6m_test_02,vital_signs_AOP_6m.cfg,5,0,50659332,682051,0,3,2,104,1020:44;1021:4,1,3,0,0,0,
1783488722.329,aop6m_test_02,vital_signs_AOP_6m.cfg,6,0,50659332,682051,0,0,1,52,1021:4,1,0,0,0,0,
1783488722.418,aop6m_test_02,vital_signs_AOP_6m.cfg,7,0,50659332,682051,0,2,2,96,1020:36;1021:4,1,2,0,0,0,
1783488722.523,aop6m_test_02,vital_signs_AOP_6m.cfg,8,0,50659332,682051,0,1,2,88,1020:28;1021:4,1,1,0,0,0,
1783488722.606,aop6m_test_02,vital_signs_AOP_6m.cfg,9,0,50659332,682051,0,0,1,52,1021:4,1,0,0,0,0,
1783488722.690,aop6m_test_02,vital_signs_AOP_6m.cfg,10,0,50659332,682051,0,2,2,96,1020:36;1021:4,1,2,0,0,0,
1783488722.795,aop6m_test_02,vital_signs_AOP_6m.cfg,11,0,50659332,682051,0,3,2,104,1020:44;1021:4,1,3,0,0,0,
1783488722.878,aop6m_test_02,vital_signs_AOP_6m.cfg,12,0,50659332,682051,0,2,2,96,1020:36;1021:4,1,2,0,0,0,
1783488722.963,aop6m_test_02,vital_signs_AOP_6m.cfg,13,0,50659332,682051,0,3,2,104,1020:44;1021:4,1,3,0,0,0,
1783488723.048,aop6m_test_02,vital_signs_AOP_6m.cfg,14,0,50659332,682051,0,3,2,104,1020:44;1021:4,1,3,0,0,0,
1783488723.152,aop6m_test_02,vital_signs_AOP_6m.cfg,15,0,50659332,682051,0,1,2,88,1020:28;1021:4,1,1,0,0,0,
1783488723.278,aop6m_test_02,vital_signs_AOP_6m.cfg,16,0,50659332,682051,0,1,3,232,1020:28;1021:4;1040:136,1,1,0,0,1,
1783488723.322,aop6m_test_02,vital_signs_AOP_6m.cfg,17,0,50659332,682051,0,8,2,144,1020:84;1021:4,1,8,0,0,0,
1783488723.406,aop6m_test_02,vital_signs_AOP_6m.cfg,18,0,50659332,682051,0,12,2,176,1020:116;1021:4,1,12,0,0,0,
1783488723.513,aop6m_test_02,vital_signs_AOP_6m.cfg,19,0,50659332,682051,0,38,2,384,1020:324;1021:4,1,38,0,0,0,
1783488723.602,aop6m_test_02,vital_signs_AOP_6m.cfg,20,0,50659332,682051,0,10,4,326,1020:100;1010:112;1011:38;1021:4,1,10,1,38,0,
1783488723.689,aop6m_test_02,vital_signs_AOP_6m.cfg,21,0,50659332,682051,0,10,4,298,1020:100;1010:112;1011:10;1021:4,1,10,1,10,0,
1783488723.775,aop6m_test_02,vital_signs_AOP_6m.cfg,22,0,50659332,682051,0,44,4,570,1020:372;1010:112;1011:10;1021:4,1,44,1,10,0,
1783488723.864,aop6m_test_02,vital_signs_AOP_6m.cfg,23,0,50659332,682051,0,36,4,540,1020:308;1010:112;1011:44;1021:4,1,36,1,44,0,
1783488723.952,aop6m_test_02,vital_signs_AOP_6m.cfg,24,0,50659332,682051,0,41,4,572,1020:348;1010:112;1011:36;1021:4,1,41,1,36,0,
1783488724.041,aop6m_test_02,vital_signs_AOP_6m.cfg,25,0,50659332,682051,0,45,2,440,1020:380;1021:4,1,45,0,0,0,
1783488724.150,aop6m_test_02,vital_signs_AOP_6m.cfg,26,0,50659332,682051,0,34,4,525,1020:292;1010:112;1011:45;1021:4,1,34,1,45,0,
1783488724.239,aop6m_test_02,vital_signs_AOP_6m.cfg,27,0,50659332,682051,0,46,4,610,1020:388;1010:112;1011:34;1021:4,1,46,1,34,0,
1783488724.329,aop6m_test_02,vital_signs_AOP_6m.cfg,28,0,50659332,682051,0,71,4,822,1020:588;1010:112;1011:46;1021:4,1,71,1,46,0,
1783488724.421,aop6m_test_02,vital_signs_AOP_6m.cfg,29,0,50659332,682051,0,89,4,991,1020:732;1010:112;1011:71;1021:4,1,89,1,71,0,
1783488724.495,aop6m_test_02,vital_signs_AOP_6m.cfg,30,0,50659332,682051,0,27,4,513,1020:236;1010:112;1011:89;1021:4,1,27,1,89,0,
1783488724.605,aop6m_test_02,vital_signs_AOP_6m.cfg,31,0,50659332,682051,0,3,4,259,1020:44;1010:112;1011:27;1021:4,1,3,1,27,0,
1783488724.712,aop6m_test_02,vital_signs_AOP_6m.cfg,32,0,50659332,682051,0,3,5,379,1020:44;1010:112;1011:3;1021:4;1040:136,1,3,1,3,1,
1783488724.781,aop6m_test_02,vital_signs_AOP_6m.cfg,33,0,50659332,682051,0,41,4,539,1020:348;1010:112;1011:3;1021:4,1,41,1,3,0,
1783488724.872,aop6m_test_02,vital_signs_AOP_6m.cfg,34,0,50659332,682051,0,99,4,1041,1020:812;1010:112;1011:41;1021:4,1,99,1,41,0,
1783488724.968,aop6m_test_02,vital_signs_AOP_6m.cfg,35,0,50659332,682051,0,104,4,1139,1020:852;1010:112;1011:99;1021:4,1,104,1,99,0,
1783488725.065,aop6m_test_02,vital_signs_AOP_6m.cfg,36,0,50659332,682051,0,148,4,1496,1020:1204;1010:112;1011:104;1021:4,1,148,1,104,0,
1783488725.153,aop6m_test_02,vital_signs_AOP_6m.cfg,37,0,50659332,682051,0,109,4,1228,1020:892;1010:112;1011:148;1021:4,1,109,1,148,0,
1783488725.230,aop6m_test_02,vital_signs_AOP_6m.cfg,38,0,50659332,682051,0,75,4,917,1020:620;1010:112;1011:109;1021:4,1,75,1,109,0,
1783488725.324,aop6m_test_02,vital_signs_AOP_6m.cfg,39,0,50659332,682051,0,101,4,1091,1020:828;1010:112;1011:75;1021:4,1,101,1,75,0,
1783488725.420,aop6m_test_02,vital_signs_AOP_6m.cfg,40,0,50659332,682051,0,92,4,1045,1020:756;1010:112;1011:101;1021:4,1,92,1,101,0,
1783488725.516,aop6m_test_02,vital_signs_AOP_6m.cfg,41,0,50659332,682051,0,149,4,1492,1020:1212;1010:112;1011:92;1021:4,1,149,1,92,0,
1783488725.596,aop6m_test_02,vital_signs_AOP_6m.cfg,42,0,50659332,682051,0,11,4,445,1020:108;1010:112;1011:149;1021:4,1,11,1,149,0,
1783488725.684,aop6m_test_02,vital_signs_AOP_6m.cfg,43,0,50659332,682051,0,90,4,939,1020:740;1010:112;1011:11;1021:4,1,90,1,11,0,
1783488725.777,aop6m_test_02,vital_signs_AOP_6m.cfg,44,0,50659332,682051,0,108,4,1162,1020:884;1010:112;1011:90;1021:4,1,108,1,90,0,
1783488725.853,aop6m_test_02,vital_signs_AOP_6m.cfg,45,0,50659332,682051,0,100,4,1116,1020:820;1010:112;1011:108;1021:4,1,100,1,108,0,
1783488725.950,aop6m_test_02,vital_signs_AOP_6m.cfg,46,0,50659332,682051,0,50,4,708,1020:420;1010:112;1011:100;1021:4,1,50,1,100,0,
1783488726.041,aop6m_test_02,vital_signs_AOP_6m.cfg,47,0,50659332,682051,0,71,4,826,1020:588;1010:112;1011:50;1021:4,1,71,1,50,0,
1783488726.175,aop6m_test_02,vital_signs_AOP_6m.cfg,48,0,50659332,682051,0,71,5,991,1020:588;1010:112;1011:71;1021:4;1040:136,1,71,1,71,1,
1783488726.206,aop6m_test_02,vital_signs_AOP_6m.cfg,49,0,50659332,682051,0,18,4,423,1020:164;1010:112;1011:71;1021:4,1,18,1,71,0,
1783488726.313,aop6m_test_02,vital_signs_AOP_6m.cfg,50,0,50659332,682051,0,120,4,1186,1020:980;1010:112;1011:18;1021:4,1,120,1,18,0,
1783488726.389,aop6m_test_02,vital_signs_AOP_6m.cfg,51,0,50659332,682051,0,75,4,928,1020:620;1010:112;1011:120;1021:4,1,75,1,120,0,
1783488726.482,aop6m_test_02,vital_signs_AOP_6m.cfg,52,0,50659332,682051,0,33,4,547,1020:284;1010:112;1011:75;1021:4,1,33,1,75,0,
1783488726.572,aop6m_test_02,vital_signs_AOP_6m.cfg,53,0,50659332,682051,0,16,4,369,1020:148;1010:112;1011:33;1021:4,1,16,1,33,0,
1783488726.658,aop6m_test_02,vital_signs_AOP_6m.cfg,54,0,50659332,682051,0,3,4,248,1020:44;1010:112;1011:16;1021:4,1,3,1,16,0,
1783488726.743,aop6m_test_02,vital_signs_AOP_6m.cfg,55,0,50659332,682051,0,6,4,259,1020:68;1010:112;1011:3;1021:4,1,6,1,3,0,
1783488726.850,aop6m_test_02,vital_signs_AOP_6m.cfg,56,0,50659332,682051,0,59,4,686,1020:492;1010:112;1011:6;1021:4,1,59,1,6,0,
1783488726.940,aop6m_test_02,vital_signs_AOP_6m.cfg,57,0,50659332,682051,0,24,4,459,1020:212;1010:112;1011:59;1021:4,1,24,1,59,0,
1783488727.007,aop6m_test_02,vital_signs_AOP_6m.cfg,58,0,50659332,682051,0,4,4,264,1020:52;1010:112;1011:24;1021:4,1,4,1,24,0,
1783488727.113,aop6m_test_02,vital_signs_AOP_6m.cfg,59,0,50659332,682051,0,3,4,236,1020:44;1010:112;1011:4;1021:4,1,3,1,4,0,
1783488727.199,aop6m_test_02,vital_signs_AOP_6m.cfg,60,0,50659332,682051,0,2,4,227,1020:36;1010:112;1011:3;1021:4,1,2,1,3,0,
1783488727.283,aop6m_test_02,vital_signs_AOP_6m.cfg,61,0,50659332,682051,0,21,4,378,1020:188;1010:112;1011:2;1021:4,1,21,1,2,0,
1783488727.369,aop6m_test_02,vital_signs_AOP_6m.cfg,62,0,50659332,682051,0,10,4,309,1020:100;1010:112;1011:21;1021:4,1,10,1,21,0,
1783488727.475,aop6m_test_02,vital_signs_AOP_6m.cfg,63,0,50659332,682051,0,13,4,322,1020:124;1010:112;1011:10;1021:4,1,13,1,10,0,
1783488727.644,aop6m_test_02,vital_signs_AOP_6m.cfg,64,0,50659332,682051,0,13,5,469,1020:124;1010:112;1011:13;1021:4;1040:136,1,13,1,13,1,
1783488727.730,aop6m_test_02,vital_signs_AOP_6m.cfg,66,0,50659332,682051,0,0,3,184,1010:112;1011:4;1021:4,1,0,1,4,0,
1783488727.836,aop6m_test_02,vital_signs_AOP_6m.cfg,67,0,50659332,682051,0,1,3,208,1020:28;1010:112;1021:4,1,1,1,0,0,
1783488727.920,aop6m_test_02,vital_signs_AOP_6m.cfg,68,0,50659332,682051,0,4,4,241,1020:52;1010:112;1011:1;1021:4,1,4,1,1,0,
1783488728.004,aop6m_test_02,vital_signs_AOP_6m.cfg,69,0,50659332,682051,0,3,4,236,1020:44;1010:112;1011:4;1021:4,1,3,1,4,0,
1783488728.089,aop6m_test_02,vital_signs_AOP_6m.cfg,70,0,50659332,682051,0,4,4,243,1020:52;1010:112;1011:3;1021:4,1,4,1,3,0,
1783488728.193,aop6m_test_02,vital_signs_AOP_6m.cfg,71,0,50659332,682051,0,4,4,244,1020:52;1010:112;1011:4;1021:4,1,4,1,4,0,
1783488728.277,aop6m_test_02,vital_signs_AOP_6m.cfg,72,0,50659332,682051,0,3,4,236,1020:44;1010:112;1011:4;1021:4,1,3,1,4,0,
1783488728.361,aop6m_test_02,vital_signs_AOP_6m.cfg,73,0,50659332,682051,0,1,4,219,1020:28;1010:112;1011:3;1021:4,1,1,1,3,0,
1783488728.466,aop6m_test_02,vital_signs_AOP_6m.cfg,74,0,50659332,682051,0,3,4,233,1020:44;1010:112;1011:1;1021:4,1,3,1,1,0,
1783488728.551,aop6m_test_02,vital_signs_AOP_6m.cfg,75,0,50659332,682051,0,2,4,227,1020:36;1010:112;1011:3;1021:4,1,2,1,3,0,
1783488728.636,aop6m_test_02,vital_signs_AOP_6m.cfg,76,0,50659332,682051,0,0,3,182,1010:112;1011:2;1021:4,1,0,1,2,0,
1783488728.719,aop6m_test_02,vital_signs_AOP_6m.cfg,77,0,50659332,682051,0,5,3,240,1020:60;1010:112;1021:4,1,5,1,0,0,
1783488728.825,aop6m_test_02,vital_signs_AOP_6m.cfg,78,0,50659332,682051,0,0,3,185,1010:112;1011:5;1021:4,1,0,1,5,0,
1783488728.909,aop6m_test_02,vital_signs_AOP_6m.cfg,79,0,50659332,682051,0,5,3,240,1020:60;1010:112;1021:4,1,5,1,0,0,
1783488729.035,aop6m_test_02,vital_signs_AOP_6m.cfg,80,0,50659332,682051,0,5,5,397,1020:60;1010:112;1011:5;1021:4;1040:136,1,5,1,5,1,
1783488729.078,aop6m_test_02,vital_signs_AOP_6m.cfg,81,0,50659332,682051,0,7,4,269,1020:76;1010:112;1011:5;1021:4,1,7,1,5,0,
1783488729.185,aop6m_test_02,vital_signs_AOP_6m.cfg,82,0,50659332,682051,0,4,4,247,1020:52;1010:112;1011:7;1021:4,1,4,1,7,0,
1783488729.269,aop6m_test_02,vital_signs_AOP_6m.cfg,83,0,50659332,682051,0,27,4,428,1020:236;1010:112;1011:4;1021:4,1,27,1,4,0,
1783488729.357,aop6m_test_02,vital_signs_AOP_6m.cfg,84,0,50659332,682051,0,3,4,259,1020:44;1010:112;1011:27;1021:4,1,3,1,27,0,
1783488729.462,aop6m_test_02,vital_signs_AOP_6m.cfg,85,0,50659332,682051,0,1,4,219,1020:28;1010:112;1011:3;1021:4,1,1,1,3,0,
1783488729.547,aop6m_test_02,vital_signs_AOP_6m.cfg,86,0,50659332,682051,0,4,4,241,1020:52;1010:112;1011:1;1021:4,1,4,1,1,0,
1783488729.632,aop6m_test_02,vital_signs_AOP_6m.cfg,87,0,50659332,682051,0,4,4,244,1020:52;1010:112;1011:4;1021:4,1,4,1,4,0,
1783488729.717,aop6m_test_02,vital_signs_AOP_6m.cfg,88,0,50659332,682051,0,3,4,236,1020:44;1010:112;1011:4;1021:4,1,3,1,4,0,
1783488729.801,aop6m_test_02,vital_signs_AOP_6m.cfg,89,0,50659332,682051,0,3,4,235,1020:44;1010:112;1011:3;1021:4,1,3,1,3,0,
1783488729.906,aop6m_test_02,vital_signs_AOP_6m.cfg,90,0,50659332,682051,0,0,3,183,1010:112;1011:3;1021:4,1,0,1,3,0,
1783488729.990,aop6m_test_02,vital_signs_AOP_6m.cfg,91,0,50659332,682051,0,0,2,172,1010:112;1021:4,1,0,1,0,0,
1783488730.073,aop6m_test_02,vital_signs_AOP_6m.cfg,92,0,50659332,682051,0,6,3,248,1020:68;1010:112;1021:4,1,6,1,0,0,
1783488730.158,aop6m_test_02,vital_signs_AOP_6m.cfg,93,0,50659332,682051,0,2,4,230,1020:36;1010:112;1011:6;1021:4,1,2,1,6,0,
1783488730.263,aop6m_test_02,vital_signs_AOP_6m.cfg,94,0,50659332,682051,0,10,4,290,1020:100;1010:112;1011:2;1021:4,1,10,1,2,0,
1783488730.349,aop6m_test_02,vital_signs_AOP_6m.cfg,95,0,50659332,682051,0,1,4,226,1020:28;1010:112;1011:10;1021:4,1,1,1,10,0,
1783488730.476,aop6m_test_02,vital_signs_AOP_6m.cfg,96,0,50659332,682051,0,1,5,361,1020:28;1010:112;1011:1;1021:4;1040:136,1,1,1,1,1,
1783488730.519,aop6m_test_02,vital_signs_AOP_6m.cfg,97,0,50659332,682051,0,6,4,257,1020:68;1010:112;1011:1;1021:4,1,6,1,1,0,
1783488730.625,aop6m_test_02,vital_signs_AOP_6m.cfg,98,0,50659332,682051,0,38,4,518,1020:324;1010:112;1011:6;1021:4,1,38,1,6,0,
1783488730.713,aop6m_test_02,vital_signs_AOP_6m.cfg,99,0,50659332,682051,0,16,4,374,1020:148;1010:112;1011:38;1021:4,1,16,1,38,0,
1783488730.801,aop6m_test_02,vital_signs_AOP_6m.cfg,100,0,50659332,682051,0,42,4,560,1020:356;1010:112;1011:16;1021:4,1,42,1,16,0,
1783488730.890,aop6m_test_02,vital_signs_AOP_6m.cfg,101,0,50659332,682051,0,0,3,222,1010:112;1011:42;1021:4,1,0,1,42,0,
1783488730.975,aop6m_test_02,vital_signs_AOP_6m.cfg,102,0,50659332,682051,0,16,3,328,1020:148;1010:112;1021:4,1,16,1,0,0,
1783488731.061,aop6m_test_02,vital_signs_AOP_6m.cfg,103,0,50659332,682051,0,6,4,272,1020:68;1010:112;1011:16;1021:4,1,6,1,16,0,
1783488731.167,aop6m_test_02,vital_signs_AOP_6m.cfg,104,0,50659332,682051,0,6,4,262,1020:68;1010:112;1011:6;1021:4,1,6,1,6,0,
1783488731.252,aop6m_test_02,vital_signs_AOP_6m.cfg,105,0,50659332,682051,0,5,4,254,1020:60;1010:112;1011:6;1021:4,1,5,1,6,0,
1783488731.337,aop6m_test_02,vital_signs_AOP_6m.cfg,106,0,50659332,682051,0,0,3,185,1010:112;1011:5;1021:4,1,0,1,5,0,
1783488731.420,aop6m_test_02,vital_signs_AOP_6m.cfg,107,0,50659332,682051,0,5,3,240,1020:60;1010:112;1021:4,1,5,1,0,0,
1783488731.525,aop6m_test_02,vital_signs_AOP_6m.cfg,108,0,50659332,682051,0,4,4,245,1020:52;1010:112;1011:5;1021:4,1,4,1,5,0,
1783488731.610,aop6m_test_02,vital_signs_AOP_6m.cfg,109,0,50659332,682051,0,3,4,236,1020:44;1010:112;1011:4;1021:4,1,3,1,4,0,
1783488731.694,aop6m_test_02,vital_signs_AOP_6m.cfg,110,0,50659332,682051,0,1,4,219,1020:28;1010:112;1011:3;1021:4,1,1,1,3,0,
1783488731.779,aop6m_test_02,vital_signs_AOP_6m.cfg,111,0,50659332,682051,0,2,4,225,1020:36;1010:112;1011:1;1021:4,1,2,1,1,0,
1783488731.926,aop6m_test_02,vital_signs_AOP_6m.cfg,112,0,50659332,682051,0,2,5,370,1020:36;1010:112;1011:2;1021:4;1040:136,1,2,1,2,1,
1783488731.969,aop6m_test_02,vital_signs_AOP_6m.cfg,113,0,50659332,682051,0,0,3,182,1010:112;1011:2;1021:4,1,0,1,2,0,
1783488732.054,aop6m_test_02,vital_signs_AOP_6m.cfg,114,0,50659332,682051,0,1,3,208,1020:28;1010:112;1021:4,1,1,1,0,0,
1783488732.138,aop6m_test_02,vital_signs_AOP_6m.cfg,115,0,50659332,682051,0,0,3,181,1010:112;1011:1;1021:4,1,0,1,1,0,
1783488732.243,aop6m_test_02,vital_signs_AOP_6m.cfg,116,0,50659332,682051,0,1,3,208,1020:28;1010:112;1021:4,1,1,1,0,0,
1783488732.328,aop6m_test_02,vital_signs_AOP_6m.cfg,117,0,50659332,682051,0,24,4,401,1020:212;1010:112;1011:1;1021:4,1,24,1,1,0,
1783488732.415,aop6m_test_02,vital_signs_AOP_6m.cfg,118,0,50659332,682051,0,4,4,264,1020:52;1010:112;1011:24;1021:4,1,4,1,24,0,
1783488732.500,aop6m_test_02,vital_signs_AOP_6m.cfg,119,0,50659332,682051,0,3,4,236,1020:44;1010:112;1011:4;1021:4,1,3,1,4,0,
1783488732.607,aop6m_test_02,vital_signs_AOP_6m.cfg,120,0,50659332,682051,0,2,4,227,1020:36;1010:112;1011:3;1021:4,1,2,1,3,0,
1783488732.692,aop6m_test_02,vital_signs_AOP_6m.cfg,121,0,50659332,682051,0,0,3,182,1010:112;1011:2;1021:4,1,0,1,2,0,
1783488732.777,aop6m_test_02,vital_signs_AOP_6m.cfg,122,0,50659332,682051,0,4,3,232,1020:52;1010:112;1021:4,1,4,1,0,0,
1783488732.862,aop6m_test_02,vital_signs_AOP_6m.cfg,123,0,50659332,682051,0,0,3,184,1010:112;1011:4;1021:4,1,0,1,4,0,
1783488732.967,aop6m_test_02,vital_signs_AOP_6m.cfg,124,0,50659332,682051,0,4,3,232,1020:52;1010:112;1021:4,1,4,1,0,0,
1783488733.053,aop6m_test_02,vital_signs_AOP_6m.cfg,125,0,50659332,682051,0,4,4,244,1020:52;1010:112;1011:4;1021:4,1,4,1,4,0,
1783488733.138,aop6m_test_02,vital_signs_AOP_6m.cfg,126,0,50659332,682051,0,3,4,236,1020:44;1010:112;1011:4;1021:4,1,3,1,4,0,
1783488733.243,aop6m_test_02,vital_signs_AOP_6m.cfg,127,0,50659332,682051,0,21,4,379,1020:188;1010:112;1011:3;1021:4,1,21,1,3,0,
1783488733.351,aop6m_test_02,vital_signs_AOP_6m.cfg,128,0,50659332,682051,0,21,5,541,1020:188;1010:112;1011:21;1021:4;1040:136,1,21,1,21,1,
1783488733.397,aop6m_test_02,vital_signs_AOP_6m.cfg,129,0,50659332,682051,0,0,3,201,1010:112;1011:21;1021:4,1,0,1,21,0,
1783488733.503,aop6m_test_02,vital_signs_AOP_6m.cfg,130,0,50659332,682051,0,0,2,172,1010:112;1021:4,1,0,1,0,0,
1783488733.587,aop6m_test_02,vital_signs_AOP_6m.cfg,131,0,50659332,682051,0,0,2,172,1010:112;1021:4,1,0,1,0,0,
1783488733.671,aop6m_test_02,vital_signs_AOP_6m.cfg,132,0,50659332,682051,0,0,2,172,1010:112;1021:4,1,0,1,0,0,
1783488733.775,aop6m_test_02,vital_signs_AOP_6m.cfg,133,0,50659332,682051,0,2,3,216,1020:36;1010:112;1021:4,1,2,1,0,0,
1783488733.860,aop6m_test_02,vital_signs_AOP_6m.cfg,134,0,50659332,682051,0,3,4,234,1020:44;1010:112;1011:2;1021:4,1,3,1,2,0,
1783488733.944,aop6m_test_02,vital_signs_AOP_6m.cfg,135,0,50659332,682051,0,0,3,183,1010:112;1011:3;1021:4,1,0,1,3,0,
1783488734.029,aop6m_test_02,vital_signs_AOP_6m.cfg,136,0,50659332,682051,0,0,2,172,1010:112;1021:4,1,0,1,0,0,
1783488734.134,aop6m_test_02,vital_signs_AOP_6m.cfg,137,0,50659332,682051,0,0,2,172,1010:112;1021:4,1,0,1,0,0,
1783488734.219,aop6m_test_02,vital_signs_AOP_6m.cfg,138,0,50659332,682051,0,1,3,208,1020:28;1010:112;1021:4,1,1,1,0,0,
1783488734.304,aop6m_test_02,vital_signs_AOP_6m.cfg,139,0,50659332,682051,0,53,4,633,1020:444;1010:112;1011:1;1021:4,1,53,1,1,0,
1783488734.476,aop6m_test_02,vital_signs_AOP_6m.cfg,140,0,50659332,682051,0,36,4,549,1020:308;1010:112;0:0;0:0,,36,1,0,0,0:0;0:0
1783488734.584,aop6m_test_02,vital_signs_AOP_6m.cfg,142,0,50659332,682051,0,6,4,268,1020:68;1010:112;1011:12;1021:4,1,6,1,12,0,
1783488734.670,aop6m_test_02,vital_signs_AOP_6m.cfg,143,0,50659332,682051,0,0,3,186,1010:112;1011:6;1021:4,1,0,1,6,0,
1783488734.796,aop6m_test_02,vital_signs_AOP_6m.cfg,144,0,50659332,682051,0,0,3,316,1010:112;1021:4;1040:136,1,0,1,0,1,
1783488734.839,aop6m_test_02,vital_signs_AOP_6m.cfg,145,0,50659332,682051,0,1,3,208,1020:28;1010:112;1021:4,1,1,1,0,0,
1783488734.944,aop6m_test_02,vital_signs_AOP_6m.cfg,146,0,50659332,682051,0,0,3,181,1010:112;1011:1;1021:4,1,0,1,1,0,
1783488735.028,aop6m_test_02,vital_signs_AOP_6m.cfg,147,0,50659332,682051,0,0,2,172,1010:112;1021:4,1,0,1,0,0,
1783488735.113,aop6m_test_02,vital_signs_AOP_6m.cfg,148,0,50659332,682051,0,0,2,172,1010:112;1021:4,1,0,1,0,0,
1783488735.299,aop6m_test_02,vital_signs_AOP_6m.cfg,149,0,50659332,682051,0,1,3,208,1020:28;1010:112;1021:4,33554432,1,1,0,0,
1783488735.383,aop6m_test_02,vital_signs_AOP_6m.cfg,151,0,50659332,682051,0,0,2,172,1010:112;1021:4,1,0,1,0,0,
1783488735.468,aop6m_test_02,vital_signs_AOP_6m.cfg,152,0,50659332,682051,0,5,3,240,1020:60;1010:112;1021:4,1,5,1,0,0,
1783488735.574,aop6m_test_02,vital_signs_AOP_6m.cfg,153,0,50659332,682051,0,2,4,229,1020:36;1010:112;1011:5;1021:4,1,2,1,5,0,
1783488735.658,aop6m_test_02,vital_signs_AOP_6m.cfg,154,0,50659332,682051,0,1,4,218,1020:28;1010:112;1011:2;1021:4,1,1,1,2,0,
1783488735.826,aop6m_test_02,vital_signs_AOP_6m.cfg,155,0,50659332,682051,0,2,4,225,1020:36;1010:112;1011:1,,2,1,1,0,
1783488735.930,aop6m_test_02,vital_signs_AOP_6m.cfg,157,0,50659332,682051,0,0,2,172,1010:112;1021:4,1,0,1,0,0,
1783488736.015,aop6m_test_02,vital_signs_AOP_6m.cfg,158,0,50659332,682051,0,0,2,172,1010:112;1021:4,1,0,1,0,0,
1783488736.119,aop6m_test_02,vital_signs_AOP_6m.cfg,159,0,50659332,682051,0,0,2,172,1010:112;1021:4,1,0,1,0,0,
1783488736.244,aop6m_test_02,vital_signs_AOP_6m.cfg,160,0,50659332,682051,0,0,3,316,1010:112;1021:4;1040:136,1,0,1,0,1,
1783488736.287,aop6m_test_02,vital_signs_AOP_6m.cfg,161,0,50659332,682051,0,0,2,172,1010:112;1021:4,1,0,1,0,0,
1783488736.371,aop6m_test_02,vital_signs_AOP_6m.cfg,162,0,50659332,682051,0,0,2,172,1010:112;1021:4,1,0,1,0,0,
1783488736.476,aop6m_test_02,vital_signs_AOP_6m.cfg,163,0,50659332,682051,0,0,2,172,1010:112;1021:4,1,0,1,0,0,
1783488736.560,aop6m_test_02,vital_signs_AOP_6m.cfg,164,0,50659332,682051,0,0,2,172,1010:112;1021:4,1,0,1,0,0,
1783488736.644,aop6m_test_02,vital_signs_AOP_6m.cfg,165,0,50659332,682051,0,0,2,172,1010:112;1021:4,1,0,1,0,0,
1783488736.728,aop6m_test_02,vital_signs_AOP_6m.cfg,166,0,50659332,682051,0,2,3,216,1020:36;1010:112;1021:4,1,2,1,0,0,
1783488736.918,aop6m_test_02,vital_signs_AOP_6m.cfg,167,0,50659332,682051,0,2,4,226,1020:36;1010:112;1011:2,,2,1,2,0,
1783488737.002,aop6m_test_02,vital_signs_AOP_6m.cfg,169,0,50659332,682051,0,2,4,228,1020:36;1010:112;1011:4;1021:4,1,2,1,4,0,
1783488737.107,aop6m_test_02,vital_signs_AOP_6m.cfg,170,0,50659332,682051,0,0,3,182,1010:112;1011:2;1021:4,1,0,1,2,0,
1783488737.191,aop6m_test_02,vital_signs_AOP_6m.cfg,171,0,50659332,682051,0,0,2,172,1010:112;1021:4,1,0,1,0,0,
1783488737.275,aop6m_test_02,vital_signs_AOP_6m.cfg,172,0,50659332,682051,0,2,3,216,1020:36;1010:112;1021:4,1,2,1,0,0,
1783488737.359,aop6m_test_02,vital_signs_AOP_6m.cfg,173,0,50659332,682051,0,2,4,226,1020:36;1010:112;1011:2;1021:4,1,2,1,2,0,
1783488737.464,aop6m_test_02,vital_signs_AOP_6m.cfg,174,0,50659332,682051,0,0,3,182,1010:112;1011:2;1021:4,1,0,1,2,0,
1783488737.548,aop6m_test_02,vital_signs_AOP_6m.cfg,175,0,50659332,682051,0,2,3,216,1020:36;1010:112;1021:4,1,2,1,0,0,
1783488737.715,aop6m_test_02,vital_signs_AOP_6m.cfg,176,0,50659332,682051,0,2,5,370,1020:36;1010:112;1011:2,,2,1,2,0,
1783488737.820,aop6m_test_02,vital_signs_AOP_6m.cfg,178,0,50659332,682051,0,0,2,172,1010:112;1021:4,1,0,1,0,0,
1783488737.904,aop6m_test_02,vital_signs_AOP_6m.cfg,179,0,50659332,682051,0,0,2,172,1010:112;1021:4,1,0,1,0,0,
1783488737.988,aop6m_test_02,vital_signs_AOP_6m.cfg,180,0,50659332,682051,0,0,2,172,1010:112;1021:4,1,0,1,0,0,
1783488738.093,aop6m_test_02,vital_signs_AOP_6m.cfg,181,0,50659332,682051,0,0,2,172,1010:112;1021:4,1,0,1,0,0,
1783488738.177,aop6m_test_02,vital_signs_AOP_6m.cfg,182,0,50659332,682051,0,0,2,172,1010:112;1021:4,1,0,1,0,0,
1783488738.260,aop6m_test_02,vital_signs_AOP_6m.cfg,183,0,50659332,682051,0,0,2,172,1010:112;1021:4,1,0,1,0,0,
1783488738.365,aop6m_test_02,vital_signs_AOP_6m.cfg,184,0,50659332,682051,0,0,2,172,1010:112;1021:4,1,0,1,0,0,
1783488738.449,aop6m_test_02,vital_signs_AOP_6m.cfg,185,0,50659332,682051,0,0,2,172,1010:112;1021:4,1,0,1,0,0,
1783488738.533,aop6m_test_02,vital_signs_AOP_6m.cfg,186,0,50659332,682051,0,0,2,172,1010:112;1021:4,1,0,1,0,0,
1783488738.616,aop6m_test_02,vital_signs_AOP_6m.cfg,187,0,50659332,682051,0,0,2,172,1010:112;1021:4,1,0,1,0,0,
1783488738.721,aop6m_test_02,vital_signs_AOP_6m.cfg,188,0,50659332,682051,0,0,2,172,1010:112;1021:4,1,0,1,0,0,
1783488738.804,aop6m_test_02,vital_signs_AOP_6m.cfg,189,0,50659332,682051,0,0,2,172,1010:112;1021:4,1,0,1,0,0,
1783488738.887,aop6m_test_02,vital_signs_AOP_6m.cfg,190,0,50659332,682051,0,0,2,172,1010:112;1021:4,1,0,1,0,0,
1783488738.992,aop6m_test_02,vital_signs_AOP_6m.cfg,191,0,50659332,682051,0,0,2,172,1010:112;1021:4,1,0,1,0,0,
1783488739.117,aop6m_test_02,vital_signs_AOP_6m.cfg,192,0,50659332,682051,0,0,3,316,1010:112;1021:4;1040:136,1,0,1,0,1,
1783488739.160,aop6m_test_02,vital_signs_AOP_6m.cfg,193,0,50659332,682051,0,0,2,172,1010:112;1021:4,1,0,1,0,0,
1783488739.264,aop6m_test_02,vital_signs_AOP_6m.cfg,194,0,50659332,682051,0,0,2,172,1010:112;1021:4,1,0,1,0,0,
1783488739.347,aop6m_test_02,vital_signs_AOP_6m.cfg,195,0,50659332,682051,0,0,2,172,1010:112;1021:4,1,0,1,0,0,
1783488739.431,aop6m_test_02,vital_signs_AOP_6m.cfg,196,0,50659332,682051,0,0,2,172,1010:112;1021:4,1,0,1,0,0,
1783488739.536,aop6m_test_02,vital_signs_AOP_6m.cfg,197,0,50659332,682051,0,0,2,172,1010:112;1021:4,1,0,1,0,0,
1783488739.620,aop6m_test_02,vital_signs_AOP_6m.cfg,198,0,50659332,682051,0,0,2,172,1010:112;1021:4,1,0,1,0,0,
1783488739.704,aop6m_test_02,vital_signs_AOP_6m.cfg,199,0,50659332,682051,0,0,2,172,1010:112;1021:4,1,0,1,0,0,
1783488739.788,aop6m_test_02,vital_signs_AOP_6m.cfg,200,0,50659332,682051,0,0,2,172,1010:112;1021:4,1,0,1,0,0,
1783488739.892,aop6m_test_02,vital_signs_AOP_6m.cfg,201,0,50659332,682051,0,0,2,172,1010:112;1021:4,1,0,1,0,0,
1783488739.976,aop6m_test_02,vital_signs_AOP_6m.cfg,202,0,50659332,682051,0,0,2,172,1010:112;1021:4,1,0,1,0,0,
1783488740.059,aop6m_test_02,vital_signs_AOP_6m.cfg,203,0,50659332,682051,0,0,2,172,1010:112;1021:4,1,0,1,0,0,
1783488740.164,aop6m_test_02,vital_signs_AOP_6m.cfg,204,0,50659332,682051,0,0,2,172,1010:112;1021:4,1,0,1,0,0,
1783488740.247,aop6m_test_02,vital_signs_AOP_6m.cfg,205,0,50659332,682051,0,0,2,172,1010:112;1021:4,1,0,1,0,0,
1783488740.331,aop6m_test_02,vital_signs_AOP_6m.cfg,206,0,50659332,682051,0,0,2,172,1010:112;1021:4,1,0,1,0,0,
1783488740.436,aop6m_test_02,vital_signs_AOP_6m.cfg,207,0,50659332,682051,0,0,2,172,1010:112;1021:4,1,0,1,0,0,
1783488740.561,aop6m_test_02,vital_signs_AOP_6m.cfg,208,0,50659332,682051,0,0,3,316,1010:112;1021:4;1040:136,1,0,1,0,1,
1783488740.604,aop6m_test_02,vital_signs_AOP_6m.cfg,209,0,50659332,682051,0,0,2,172,1010:112;1021:4,1,0,1,0,0,
1783488740.687,aop6m_test_02,vital_signs_AOP_6m.cfg,210,0,50659332,682051,0,0,2,172,1010:112;1021:4,1,0,1,0,0,
1783488740.793,aop6m_test_02,vital_signs_AOP_6m.cfg,211,0,50659332,682051,0,0,2,172,1010:112;1021:4,1,0,1,0,0,
1783488740.877,aop6m_test_02,vital_signs_AOP_6m.cfg,212,0,50659332,682051,0,1,3,208,1020:28;1010:112;1021:4,1,1,1,0,0,
1783488740.983,aop6m_test_02,vital_signs_AOP_6m.cfg,213,0,50659332,682051,0,8,4,273,1020:84;1010:112;1011:1;1021:4,1,8,1,1,0,
1783488741.047,aop6m_test_02,vital_signs_AOP_6m.cfg,214,0,50659332,682051,0,0,3,188,1010:112;1011:8;1021:4,1,0,1,8,0,
1783488741.152,aop6m_test_02,vital_signs_AOP_6m.cfg,215,0,50659332,682051,0,0,2,172,1010:112;1021:4,1,0,1,0,0,
1783488741.237,aop6m_test_02,vital_signs_AOP_6m.cfg,216,0,50659332,682051,0,0,2,172,1010:112;1021:4,1,0,1,0,0,
1783488741.321,aop6m_test_02,vital_signs_AOP_6m.cfg,217,0,50659332,682051,0,3,3,224,1020:44;1010:112;1021:4,1,3,1,0,0,
1783488741.426,aop6m_test_02,vital_signs_AOP_6m.cfg,218,0,50659332,682051,0,4,4,243,1020:52;1010:112;1011:3;1021:4,1,4,1,3,0,
1783488741.511,aop6m_test_02,vital_signs_AOP_6m.cfg,219,0,50659332,682051,0,4,4,244,1020:52;1010:112;1011:4;1021:4,1,4,1,4,0,
1783488741.678,aop6m_test_02,vital_signs_AOP_6m.cfg,220,0,50659332,682051,0,2,4,228,1020:36;1010:112;1011:4,,2,1,4,0,
1783488741.784,aop6m_test_02,vital_signs_AOP_6m.cfg,222,0,50659332,682051,0,0,2,172,1010:112;1021:4,1,0,1,0,0,
1783488741.869,aop6m_test_02,vital_signs_AOP_6m.cfg,223,0,50659332,682051,0,34,3,472,1020:292;1010:112;1021:4,1,34,1,0,0,
1783488741.998,aop6m_test_02,vital_signs_AOP_6m.cfg,224,0,50659332,682051,0,34,5,658,1020:292;1010:112;1011:34;1021:4;1040:136,1,34,1,34,1,
1783488742.045,aop6m_test_02,vital_signs_AOP_6m.cfg,225,0,50659332,682051,0,2,4,258,1020:36;1010:112;1011:34;1021:4,1,2,1,34,0,
1783488742.130,aop6m_test_02,vital_signs_AOP_6m.cfg,226,0,50659332,682051,0,0,3,182,1010:112;1011:2;1021:4,1,0,1,2,0,
1783488742.235,aop6m_test_02,vital_signs_AOP_6m.cfg,227,0,50659332,682051,0,2,3,216,1020:36;1010:112;1021:4,1,2,1,0,0,
1783488742.319,aop6m_test_02,vital_signs_AOP_6m.cfg,228,0,50659332,682051,0,2,4,226,1020:36;1010:112;1011:2;1021:4,1,2,1,2,0,
1783488742.403,aop6m_test_02,vital_signs_AOP_6m.cfg,229,0,50659332,682051,0,2,4,226,1020:36;1010:112;1011:2;1021:4,1,2,1,2,0,
1783488742.486,aop6m_test_02,vital_signs_AOP_6m.cfg,230,0,50659332,682051,0,0,3,182,1010:112;1011:2;1021:4,1,0,1,2,0,
1783488742.591,aop6m_test_02,vital_signs_AOP_6m.cfg,231,0,50659332,682051,0,2,3,216,1020:36;1010:112;1021:4,1,2,1,0,0,
1783488742.676,aop6m_test_02,vital_signs_AOP_6m.cfg,232,0,50659332,682051,0,0,3,182,1010:112;1011:2;1021:4,1,0,1,2,0,
1783488742.760,aop6m_test_02,vital_signs_AOP_6m.cfg,233,0,50659332,682051,0,0,2,172,1010:112;1021:4,1,0,1,0,0,
1783488742.865,aop6m_test_02,vital_signs_AOP_6m.cfg,234,0,50659332,682051,0,1,3,208,1020:28;1010:112;1021:4,1,1,1,0,0,
1783488742.950,aop6m_test_02,vital_signs_AOP_6m.cfg,235,0,50659332,682051,0,2,4,225,1020:36;1010:112;1011:1;1021:4,1,2,1,1,0,
1783488743.033,aop6m_test_02,vital_signs_AOP_6m.cfg,236,0,50659332,682051,0,3,4,234,1020:44;1010:112;1011:2;1021:4,1,3,1,2,0,
1783488743.119,aop6m_test_02,vital_signs_AOP_6m.cfg,237,0,50659332,682051,0,3,4,235,1020:44;1010:112;1011:3;1021:4,1,3,1,3,0,
1783488743.224,aop6m_test_02,vital_signs_AOP_6m.cfg,238,0,50659332,682051,0,3,4,235,1020:44;1010:112;1011:3;1021:4,1,3,1,3,0,
1783488743.308,aop6m_test_02,vital_signs_AOP_6m.cfg,239,0,50659332,682051,0,5,4,251,1020:60;1010:112;1011:3;1021:4,1,5,1,3,0,
1783488743.435,aop6m_test_02,vital_signs_AOP_6m.cfg,240,0,50659332,682051,0,5,5,397,1020:60;1010:112;1011:5;1021:4;1040:136,1,5,1,5,1,
1783488743.478,aop6m_test_02,vital_signs_AOP_6m.cfg,241,0,50659332,682051,0,0,3,185,1010:112;1011:5;1021:4,1,0,1,5,0,
1783488743.582,aop6m_test_02,vital_signs_AOP_6m.cfg,242,0,50659332,682051,0,0,2,172,1010:112;1021:4,1,0,1,0,0,
1783488743.665,aop6m_test_02,vital_signs_AOP_6m.cfg,243,0,50659332,682051,0,0,2,172,1010:112;1021:4,1,0,1,0,0,
1783488743.748,aop6m_test_02,vital_signs_AOP_6m.cfg,244,0,50659332,682051,0,0,2,172,1010:112;1021:4,1,0,1,0,0,
1783488743.937,aop6m_test_02,vital_signs_AOP_6m.cfg,245,0,50659332,682051,0,51,3,608,1020:428;0:0,,51,0,0,0,0:0
1783488744.026,aop6m_test_02,vital_signs_AOP_6m.cfg,247,0,50659332,682051,0,0,2,172,1010:112;1021:4,1,0,1,0,0,
1783488744.110,aop6m_test_02,vital_signs_AOP_6m.cfg,248,0,50659332,682051,0,2,3,216,1020:36;1010:112;1021:4,1,2,1,0,0,
1783488744.213,aop6m_test_02,vital_signs_AOP_6m.cfg,249,0,50659332,682051,0,0,3,182,1010:112;1011:2;1021:4,1,0,1,2,0,
1783488744.297,aop6m_test_02,vital_signs_AOP_6m.cfg,250,0,50659332,682051,0,3,3,224,1020:44;1010:112;1021:4,1,3,1,0,0,
1783488744.381,aop6m_test_02,vital_signs_AOP_6m.cfg,251,0,50659332,682051,0,2,4,227,1020:36;1010:112;1011:3;1021:4,1,2,1,3,0,
1783488744.486,aop6m_test_02,vital_signs_AOP_6m.cfg,252,0,50659332,682051,0,0,3,182,1010:112;1011:2;1021:4,1,0,1,2,0,
1783488744.569,aop6m_test_02,vital_signs_AOP_6m.cfg,253,0,50659332,682051,0,0,2,172,1010:112;1021:4,1,0,1,0,0,
1783488744.651,aop6m_test_02,vital_signs_AOP_6m.cfg,254,0,50659332,682051,0,0,2,172,1010:112;1021:4,1,0,1,0,0,
1783488744.754,aop6m_test_02,vital_signs_AOP_6m.cfg,255,0,50659332,682051,0,22,3,376,1020:196;1010:112;1021:4,1,22,1,0,0,
1783488744.880,aop6m_test_02,vital_signs_AOP_6m.cfg,256,0,50659332,682051,0,22,5,550,1020:196;1010:112;1011:22;1021:4;1040:136,1,22,1,22,1,
1783488744.924,aop6m_test_02,vital_signs_AOP_6m.cfg,257,0,50659332,682051,0,0,3,202,1010:112;1011:22;1021:4,1,0,1,22,0,
1783488745.007,aop6m_test_02,vital_signs_AOP_6m.cfg,258,0,50659332,682051,0,0,2,172,1010:112;1021:4,1,0,1,0,0,
1783488745.110,aop6m_test_02,vital_signs_AOP_6m.cfg,259,0,50659332,682051,0,0,2,172,1010:112;1021:4,1,0,1,0,0,
1783488745.193,aop6m_test_02,vital_signs_AOP_6m.cfg,260,0,50659332,682051,0,0,2,172,1010:112;1021:4,1,0,1,0,0,
1783488745.296,aop6m_test_02,vital_signs_AOP_6m.cfg,261,0,50659332,682051,0,0,2,172,1010:112;1021:4,1,0,1,0,0,
1783488745.379,aop6m_test_02,vital_signs_AOP_6m.cfg,262,0,50659332,682051,0,0,2,172,1010:112;1021:4,1,0,1,0,0,
1783488745.462,aop6m_test_02,vital_signs_AOP_6m.cfg,263,0,50659332,682051,0,0,2,172,1010:112;1021:4,1,0,1,0,0,
1783488745.565,aop6m_test_02,vital_signs_AOP_6m.cfg,264,0,50659332,682051,0,0,2,172,1010:112;1021:4,1,0,1,0,0,
1783488745.648,aop6m_test_02,vital_signs_AOP_6m.cfg,265,0,50659332,682051,0,0,2,172,1010:112;1021:4,1,0,1,0,0,
1783488745.752,aop6m_test_02,vital_signs_AOP_6m.cfg,266,0,50659332,682051,0,25,3,400,1020:220;1010:112;1021:4,1,25,1,0,0,
1783488745.818,aop6m_test_02,vital_signs_AOP_6m.cfg,267,0,50659332,682051,0,0,3,205,1010:112;1011:25;1021:4,1,0,1,25,0,
1783488745.923,aop6m_test_02,vital_signs_AOP_6m.cfg,268,0,50659332,682051,0,0,2,172,1010:112;1021:4,1,0,1,0,0,
1783488746.007,aop6m_test_02,vital_signs_AOP_6m.cfg,269,0,50659332,682051,0,0,2,172,1010:112;1021:4,1,0,1,0,0,
1783488746.091,aop6m_test_02,vital_signs_AOP_6m.cfg,270,0,50659332,682051,0,0,2,172,1010:112;1021:4,1,0,1,0,0,
1783488746.195,aop6m_test_02,vital_signs_AOP_6m.cfg,271,0,50659332,682051,0,0,2,172,1010:112;1021:4,1,0,1,0,0,
1783488746.319,aop6m_test_02,vital_signs_AOP_6m.cfg,272,0,50659332,682051,0,0,3,316,1010:112;1021:4;1040:136,1,0,1,0,1,
1783488746.362,aop6m_test_02,vital_signs_AOP_6m.cfg,273,0,50659332,682051,0,0,2,172,1010:112;1021:4,1,0,1,0,0,
1783488746.446,aop6m_test_02,vital_signs_AOP_6m.cfg,274,0,50659332,682051,0,0,2,172,1010:112;1021:4,1,0,1,0,0,
1783488746.550,aop6m_test_02,vital_signs_AOP_6m.cfg,275,0,50659332,682051,0,0,2,172,1010:112;1021:4,1,0,1,0,0,
1783488746.634,aop6m_test_02,vital_signs_AOP_6m.cfg,276,0,50659332,682051,0,0,2,172,1010:112;1021:4,1,0,1,0,0,
1783488746.739,aop6m_test_02,vital_signs_AOP_6m.cfg,277,0,50659332,682051,0,14,3,312,1020:132;1010:112;1021:4,1,14,1,0,0,
1783488746.825,aop6m_test_02,vital_signs_AOP_6m.cfg,278,0,50659332,682051,0,0,3,194,1010:112;1011:14;1021:4,1,0,1,14,0,
1783488746.910,aop6m_test_02,vital_signs_AOP_6m.cfg,279,0,50659332,682051,0,0,2,172,1010:112;1021:4,1,0,1,0,0,
1783488746.993,aop6m_test_02,vital_signs_AOP_6m.cfg,280,0,50659332,682051,0,0,2,172,1010:112;1021:4,1,0,1,0,0,
1783488747.078,aop6m_test_02,vital_signs_AOP_6m.cfg,281,0,50659332,682051,0,0,2,172,1010:112;1021:4,1,0,1,0,0,
1783488747.183,aop6m_test_02,vital_signs_AOP_6m.cfg,282,0,50659332,682051,0,0,2,172,1010:112;1021:4,1,0,1,0,0,
1783488747.266,aop6m_test_02,vital_signs_AOP_6m.cfg,283,0,50659332,682051,0,0,2,172,1010:112;1021:4,1,0,1,0,0,
1783488747.349,aop6m_test_02,vital_signs_AOP_6m.cfg,284,0,50659332,682051,0,0,2,172,1010:112;1021:4,1,0,1,0,0,
1783488747.452,aop6m_test_02,vital_signs_AOP_6m.cfg,285,0,50659332,682051,0,0,2,172,1010:112;1021:4,1,0,1,0,0,
1783488747.536,aop6m_test_02,vital_signs_AOP_6m.cfg,286,0,50659332,682051,0,0,2,172,1010:112;1021:4,1,0,1,0,0,
1783488747.640,aop6m_test_02,vital_signs_AOP_6m.cfg,287,0,50659332,682051,0,28,3,424,1020:244;1010:112;1021:4,1,28,1,0,0,
1783488747.765,aop6m_test_02,vital_signs_AOP_6m.cfg,288,0,50659332,682051,0,28,5,604,1020:244;1010:112;1011:28;1021:4;1040:136,1,28,1,28,1,
1783488747.809,aop6m_test_02,vital_signs_AOP_6m.cfg,289,0,50659332,682051,0,0,3,208,1010:112;1011:28;1021:4,1,0,1,28,0,
1783488747.892,aop6m_test_02,vital_signs_AOP_6m.cfg,290,0,50659332,682051,0,0,2,172,1010:112;1021:4,1,0,1,0,0,
1783488747.976,aop6m_test_02,vital_signs_AOP_6m.cfg,291,0,50659332,682051,0,0,2,172,1010:112;1021:4,1,0,1,0,0,
1783488748.079,aop6m_test_02,vital_signs_AOP_6m.cfg,292,0,50659332,682051,0,0,2,172,1010:112;1021:4,1,0,1,0,0,
1783488748.161,aop6m_test_02,vital_signs_AOP_6m.cfg,293,0,50659332,682051,0,0,2,172,1010:112;1021:4,1,0,1,0,0,
1783488748.264,aop6m_test_02,vital_signs_AOP_6m.cfg,294,0,50659332,682051,0,0,2,172,1010:112;1021:4,1,0,1,0,0,
1783488748.347,aop6m_test_02,vital_signs_AOP_6m.cfg,295,0,50659332,682051,0,0,2,172,1010:112;1021:4,1,0,1,0,0,
1783488748.430,aop6m_test_02,vital_signs_AOP_6m.cfg,296,0,50659332,682051,0,0,2,172,1010:112;1021:4,1,0,1,0,0,
1783488748.534,aop6m_test_02,vital_signs_AOP_6m.cfg,297,0,50659332,682051,0,0,2,172,1010:112;1021:4,1,0,1,0,0,
1783488748.617,aop6m_test_02,vital_signs_AOP_6m.cfg,298,0,50659332,682051,0,9,3,272,1020:92;1010:112;1021:4,1,9,1,0,0,
1783488748.702,aop6m_test_02,vital_signs_AOP_6m.cfg,299,0,50659332,682051,0,0,3,189,1010:112;1011:9;1021:4,1,0,1,9,0,
1783488748.786,aop6m_test_02,vital_signs_AOP_6m.cfg,300,0,50659332,682051,0,0,2,172,1010:112;1021:4,1,0,1,0,0,
1783488748.890,aop6m_test_02,vital_signs_AOP_6m.cfg,301,0,50659332,682051,0,0,2,172,1010:112;1021:4,1,0,1,0,0,
1783488748.974,aop6m_test_02,vital_signs_AOP_6m.cfg,302,0,50659332,682051,0,0,2,172,1010:112;1021:4,1,0,1,0,0,
1783488749.057,aop6m_test_02,vital_signs_AOP_6m.cfg,303,0,50659332,682051,0,0,2,172,1010:112;1021:4,1,0,1,0,0,
1783488749.204,aop6m_test_02,vital_signs_AOP_6m.cfg,304,0,50659332,682051,0,0,3,316,1010:112;1021:4;1040:136,1,0,1,0,1,
1783488749.247,aop6m_test_02,vital_signs_AOP_6m.cfg,305,0,50659332,682051,0,0,2,172,1010:112;1021:4,1,0,1,0,0,
1783488749.331,aop6m_test_02,vital_signs_AOP_6m.cfg,306,0,50659332,682051,0,0,2,172,1010:112;1021:4,1,0,1,0,0,
1783488749.416,aop6m_test_02,vital_signs_AOP_6m.cfg,307,0,50659332,682051,0,0,2,172,1010:112;1021:4,1,0,1,0,0,
1783488749.520,aop6m_test_02,vital_signs_AOP_6m.cfg,308,0,50659332,682051,0,0,2,172,1010:112;1021:4,1,0,1,0,0,
1783488749.605,aop6m_test_02,vital_signs_AOP_6m.cfg,309,0,50659332,682051,0,0,2,172,1010:112;1021:4,1,0,1,0,0,
1783488749.689,aop6m_test_02,vital_signs_AOP_6m.cfg,310,0,50659332,682051,0,0,2,172,1010:112;1021:4,1,0,1,0,0,
1783488749.794,aop6m_test_02,vital_signs_AOP_6m.cfg,311,0,50659332,682051,0,0,2,172,1010:112;1021:4,1,0,1,0,0,
1783488749.877,aop6m_test_02,vital_signs_AOP_6m.cfg,312,0,50659332,682051,0,0,2,172,1010:112;1021:4,1,0,1,0,0,
1783488749.961,aop6m_test_02,vital_signs_AOP_6m.cfg,313,0,50659332,682051,0,0,2,172,1010:112;1021:4,1,0,1,0,0,
1783488750.066,aop6m_test_02,vital_signs_AOP_6m.cfg,314,0,50659332,682051,0,0,2,172,1010:112;1021:4,1,0,1,0,0,
1783488750.150,aop6m_test_02,vital_signs_AOP_6m.cfg,315,0,50659332,682051,0,0,2,172,1010:112;1021:4,1,0,1,0,0,
1783488750.235,aop6m_test_02,vital_signs_AOP_6m.cfg,316,0,50659332,682051,0,0,2,172,1010:112;1021:4,1,0,1,0,0,
1783488750.319,aop6m_test_02,vital_signs_AOP_6m.cfg,317,0,50659332,682051,0,0,2,172,1010:112;1021:4,1,0,1,0,0,
1783488750.423,aop6m_test_02,vital_signs_AOP_6m.cfg,318,0,50659332,682051,0,0,2,172,1010:112;1021:4,1,0,1,0,0,
1783488750.506,aop6m_test_02,vital_signs_AOP_6m.cfg,319,0,50659332,682051,0,0,2,172,1010:112;1021:4,1,0,1,0,0,
1783488750.631,aop6m_test_02,vital_signs_AOP_6m.cfg,320,0,50659332,682051,0,0,3,316,1010:112;1021:4;1040:136,1,0,1,0,1,
1783488750.694,aop6m_test_02,vital_signs_AOP_6m.cfg,321,0,50659332,682051,0,0,2,172,1010:112;1021:4,1,0,1,0,0,
1783488750.778,aop6m_test_02,vital_signs_AOP_6m.cfg,322,0,50659332,682051,0,0,2,172,1010:112;1021:4,1,0,1,0,0,
1783488750.861,aop6m_test_02,vital_signs_AOP_6m.cfg,323,0,50659332,682051,0,0,2,172,1010:112;1021:4,1,0,1,0,0,
1783488750.967,aop6m_test_02,vital_signs_AOP_6m.cfg,324,0,50659332,682051,0,1,3,208,1020:28;1010:112;1021:4,1,1,1,0,0,
1783488751.051,aop6m_test_02,vital_signs_AOP_6m.cfg,325,0,50659332,682051,0,0,3,181,1010:112;1011:1;1021:4,1,0,1,1,0,
1783488751.135,aop6m_test_02,vital_signs_AOP_6m.cfg,326,0,50659332,682051,0,0,2,172,1010:112;1021:4,1,0,1,0,0,
1783488751.219,aop6m_test_02,vital_signs_AOP_6m.cfg,327,0,50659332,682051,0,0,2,172,1010:112;1021:4,1,0,1,0,0,
1783488751.324,aop6m_test_02,vital_signs_AOP_6m.cfg,328,0,50659332,682051,0,0,2,172,1010:112;1021:4,1,0,1,0,0,
1783488751.408,aop6m_test_02,vital_signs_AOP_6m.cfg,329,0,50659332,682051,0,0,2,172,1010:112;1021:4,1,0,1,0,0,
1783488751.491,aop6m_test_02,vital_signs_AOP_6m.cfg,330,0,50659332,682051,0,0,2,172,1010:112;1021:4,1,0,1,0,0,
1783488751.576,aop6m_test_02,vital_signs_AOP_6m.cfg,331,0,50659332,682051,0,0,2,172,1010:112;1021:4,1,0,1,0,0,
1783488751.681,aop6m_test_02,vital_signs_AOP_6m.cfg,332,0,50659332,682051,0,0,2,172,1010:112;1021:4,1,0,1,0,0,
1783488751.765,aop6m_test_02,vital_signs_AOP_6m.cfg,333,0,50659332,682051,0,0,2,172,1010:112;1021:4,1,0,1,0,0,
1783488751.848,aop6m_test_02,vital_signs_AOP_6m.cfg,334,0,50659332,682051,0,0,2,172,1010:112;1021:4,1,0,1,0,0,
1783488751.953,aop6m_test_02,vital_signs_AOP_6m.cfg,335,0,50659332,682051,0,0,2,172,1010:112;1021:4,1,0,1,0,0,
1783488752.077,aop6m_test_02,vital_signs_AOP_6m.cfg,336,0,50659332,682051,0,0,3,316,1010:112;1021:4;1040:136,1,0,1,0,1,
1783488752.120,aop6m_test_02,vital_signs_AOP_6m.cfg,337,0,50659332,682051,0,0,2,172,1010:112;1021:4,1,0,1,0,0,
1783488752.225,aop6m_test_02,vital_signs_AOP_6m.cfg,338,0,50659332,682051,0,0,2,172,1010:112;1021:4,1,0,1,0,0,
1783488752.308,aop6m_test_02,vital_signs_AOP_6m.cfg,339,0,50659332,682051,0,0,2,172,1010:112;1021:4,1,0,1,0,0,
1783488752.392,aop6m_test_02,vital_signs_AOP_6m.cfg,340,0,50659332,682051,0,0,2,172,1010:112;1021:4,1,0,1,0,0,
1783488752.496,aop6m_test_02,vital_signs_AOP_6m.cfg,341,0,50659332,682051,0,0,2,172,1010:112;1021:4,1,0,1,0,0,
1783488752.580,aop6m_test_02,vital_signs_AOP_6m.cfg,342,0,50659332,682051,0,0,2,172,1010:112;1021:4,1,0,1,0,0,
1783488752.663,aop6m_test_02,vital_signs_AOP_6m.cfg,343,0,50659332,682051,0,0,2,172,1010:112;1021:4,1,0,1,0,0,
1783488752.747,aop6m_test_02,vital_signs_AOP_6m.cfg,344,0,50659332,682051,0,0,2,172,1010:112;1021:4,1,0,1,0,0,
1783488752.852,aop6m_test_02,vital_signs_AOP_6m.cfg,345,0,50659332,682051,0,0,2,172,1010:112;1021:4,1,0,1,0,0,
1783488752.935,aop6m_test_02,vital_signs_AOP_6m.cfg,346,0,50659332,682051,0,0,2,172,1010:112;1021:4,1,0,1,0,0,
1783488753.020,aop6m_test_02,vital_signs_AOP_6m.cfg,347,0,50659332,682051,0,0,2,172,1010:112;1021:4,1,0,1,0,0,
1783488753.125,aop6m_test_02,vital_signs_AOP_6m.cfg,348,0,50659332,682051,0,0,2,172,1010:112;1021:4,1,0,1,0,0,
1783488753.209,aop6m_test_02,vital_signs_AOP_6m.cfg,349,0,50659332,682051,0,0,2,172,1010:112;1021:4,1,0,1,0,0,
1783488753.293,aop6m_test_02,vital_signs_AOP_6m.cfg,350,0,50659332,682051,0,0,2,172,1010:112;1021:4,1,0,1,0,0,
1783488753.398,aop6m_test_02,vital_signs_AOP_6m.cfg,351,0,50659332,682051,0,15,3,320,1020:140;1010:112;1021:4,1,15,1,0,0,
1783488753.525,aop6m_test_02,vital_signs_AOP_6m.cfg,352,0,50659332,682051,0,15,5,487,1020:140;1010:112;1011:15;1021:4;1040:136,1,15,1,15,1,
1783488753.570,aop6m_test_02,vital_signs_AOP_6m.cfg,353,0,50659332,682051,0,0,3,195,1010:112;1011:15;1021:4,1,0,1,15,0,
1783488753.654,aop6m_test_02,vital_signs_AOP_6m.cfg,354,0,50659332,682051,0,0,2,172,1010:112;1021:4,1,0,1,0,0,
1783488753.738,aop6m_test_02,vital_signs_AOP_6m.cfg,355,0,50659332,682051,0,0,2,172,1010:112;1021:4,1,0,1,0,0,
1783488753.843,aop6m_test_02,vital_signs_AOP_6m.cfg,356,0,50659332,682051,0,0,2,172,1010:112;1021:4,1,0,1,0,0,
1783488753.926,aop6m_test_02,vital_signs_AOP_6m.cfg,357,0,50659332,682051,0,0,2,172,1010:112;1021:4,1,0,1,0,0,
1783488754.010,aop6m_test_02,vital_signs_AOP_6m.cfg,358,0,50659332,682051,0,0,2,172,1010:112;1021:4,1,0,1,0,0,
1783488754.116,aop6m_test_02,vital_signs_AOP_6m.cfg,359,0,50659332,682051,0,0,2,172,1010:112;1021:4,1,0,1,0,0,
1783488754.199,aop6m_test_02,vital_signs_AOP_6m.cfg,360,0,50659332,682051,0,0,2,172,1010:112;1021:4,1,0,1,0,0,
1783488754.283,aop6m_test_02,vital_signs_AOP_6m.cfg,361,0,50659332,682051,0,0,2,172,1010:112;1021:4,1,0,1,0,0,
1783488754.389,aop6m_test_02,vital_signs_AOP_6m.cfg,362,0,50659332,682051,0,0,2,172,1010:112;1021:4,1,0,1,0,0,
1783488754.472,aop6m_test_02,vital_signs_AOP_6m.cfg,363,0,50659332,682051,0,0,2,172,1010:112;1021:4,1,0,1,0,0,
1783488754.556,aop6m_test_02,vital_signs_AOP_6m.cfg,364,0,50659332,682051,0,0,2,172,1010:112;1021:4,1,0,1,0,0,
1783488754.640,aop6m_test_02,vital_signs_AOP_6m.cfg,365,0,50659332,682051,0,0,2,172,1010:112;1021:4,1,0,1,0,0,
1783488754.745,aop6m_test_02,vital_signs_AOP_6m.cfg,366,0,50659332,682051,0,0,2,172,1010:112;1021:4,1,0,1,0,0,
1783488754.828,aop6m_test_02,vital_signs_AOP_6m.cfg,367,0,50659332,682051,0,0,2,172,1010:112;1021:4,1,0,1,0,0,
1783488754.952,aop6m_test_02,vital_signs_AOP_6m.cfg,368,0,50659332,682051,0,0,3,316,1010:112;1021:4;1040:136,1,0,1,0,1,
1783488755.016,aop6m_test_02,vital_signs_AOP_6m.cfg,369,0,50659332,682051,0,0,2,172,1010:112;1021:4,1,0,1,0,0,
1783488755.099,aop6m_test_02,vital_signs_AOP_6m.cfg,370,0,50659332,682051,0,0,2,172,1010:112;1021:4,1,0,1,0,0,
1783488755.183,aop6m_test_02,vital_signs_AOP_6m.cfg,371,0,50659332,682051,0,0,2,172,1010:112;1021:4,1,0,1,0,0,
1783488755.267,aop6m_test_02,vital_signs_AOP_6m.cfg,372,0,50659332,682051,0,0,2,172,1010:112;1021:4,1,0,1,0,0,
1783488755.372,aop6m_test_02,vital_signs_AOP_6m.cfg,373,0,50659332,682051,0,2,3,216,1020:36;1010:112;1021:4,1,2,1,0,0,
1783488755.456,aop6m_test_02,vital_signs_AOP_6m.cfg,374,0,50659332,682051,0,0,3,182,1010:112;1011:2;1021:4,1,0,1,2,0,
1783488755.541,aop6m_test_02,vital_signs_AOP_6m.cfg,375,0,50659332,682051,0,0,2,172,1010:112;1021:4,1,0,1,0,0,
1783488755.646,aop6m_test_02,vital_signs_AOP_6m.cfg,376,0,50659332,682051,0,0,2,172,1010:112;1021:4,1,0,1,0,0,
1783488755.730,aop6m_test_02,vital_signs_AOP_6m.cfg,377,0,50659332,682051,0,0,2,172,1010:112;1021:4,1,0,1,0,0,
1783488755.814,aop6m_test_02,vital_signs_AOP_6m.cfg,378,0,50659332,682051,0,0,2,172,1010:112;1021:4,1,0,1,0,0,
1783488755.897,aop6m_test_02,vital_signs_AOP_6m.cfg,379,0,50659332,682051,0,0,2,172,1010:112;1021:4,1,0,1,0,0,
1783488756.001,aop6m_test_02,vital_signs_AOP_6m.cfg,380,0,50659332,682051,0,0,2,172,1010:112;1021:4,1,0,1,0,0,
1783488756.084,aop6m_test_02,vital_signs_AOP_6m.cfg,381,0,50659332,682051,0,0,2,172,1010:112;1021:4,1,0,1,0,0,
1783488756.168,aop6m_test_02,vital_signs_AOP_6m.cfg,382,0,50659332,682051,0,0,2,172,1010:112;1021:4,1,0,1,0,0,
1783488756.272,aop6m_test_02,vital_signs_AOP_6m.cfg,383,0,50659332,682051,0,0,2,172,1010:112;1021:4,1,0,1,0,0,
1783488756.398,aop6m_test_02,vital_signs_AOP_6m.cfg,384,0,50659332,682051,0,0,3,316,1010:112;1021:4;1040:136,1,0,1,0,1,
1783488756.440,aop6m_test_02,vital_signs_AOP_6m.cfg,385,0,50659332,682051,0,0,2,172,1010:112;1021:4,1,0,1,0,0,
1783488756.546,aop6m_test_02,vital_signs_AOP_6m.cfg,386,0,50659332,682051,0,0,2,172,1010:112;1021:4,1,0,1,0,0,
1783488756.630,aop6m_test_02,vital_signs_AOP_6m.cfg,387,0,50659332,682051,0,0,2,172,1010:112;1021:4,1,0,1,0,0,
1783488756.714,aop6m_test_02,vital_signs_AOP_6m.cfg,388,0,50659332,682051,0,0,2,172,1010:112;1021:4,1,0,1,0,0,
1783488756.798,aop6m_test_02,vital_signs_AOP_6m.cfg,389,0,50659332,682051,0,0,2,172,1010:112;1021:4,1,0,1,0,0,
1783488756.902,aop6m_test_02,vital_signs_AOP_6m.cfg,390,0,50659332,682051,0,0,2,172,1010:112;1021:4,1,0,1,0,0,
1783488756.985,aop6m_test_02,vital_signs_AOP_6m.cfg,391,0,50659332,682051,0,0,2,172,1010:112;1021:4,1,0,1,0,0,
1783488757.068,aop6m_test_02,vital_signs_AOP_6m.cfg,392,0,50659332,682051,0,0,2,172,1010:112;1021:4,1,0,1,0,0,
1783488757.172,aop6m_test_02,vital_signs_AOP_6m.cfg,393,0,50659332,682051,0,0,2,172,1010:112;1021:4,1,0,1,0,0,
1783488757.256,aop6m_test_02,vital_signs_AOP_6m.cfg,394,0,50659332,682051,0,0,2,172,1010:112;1021:4,1,0,1,0,0,
1783488757.340,aop6m_test_02,vital_signs_AOP_6m.cfg,395,0,50659332,682051,0,0,2,172,1010:112;1021:4,1,0,1,0,0,
1783488757.445,aop6m_test_02,vital_signs_AOP_6m.cfg,396,0,50659332,682051,0,0,2,172,1010:112;1021:4,1,0,1,0,0,
1783488757.529,aop6m_test_02,vital_signs_AOP_6m.cfg,397,0,50659332,682051,0,0,2,172,1010:112;1021:4,1,0,1,0,0,
1783488757.613,aop6m_test_02,vital_signs_AOP_6m.cfg,398,0,50659332,682051,0,0,2,172,1010:112;1021:4,1,0,1,0,0,
1783488757.697,aop6m_test_02,vital_signs_AOP_6m.cfg,399,0,50659332,682051,0,0,2,172,1010:112;1021:4,1,0,1,0,0,
1783488757.842,aop6m_test_02,vital_signs_AOP_6m.cfg,400,0,50659332,682051,0,0,3,316,1010:112;1021:4;1040:136,1,0,1,0,1,
1783488757.885,aop6m_test_02,vital_signs_AOP_6m.cfg,401,0,50659332,682051,0,0,2,172,1010:112;1021:4,1,0,1,0,0,
1783488757.969,aop6m_test_02,vital_signs_AOP_6m.cfg,402,0,50659332,682051,0,0,2,172,1010:112;1021:4,1,0,1,0,0,
1783488758.075,aop6m_test_02,vital_signs_AOP_6m.cfg,403,0,50659332,682051,0,0,2,172,1010:112;1021:4,1,0,1,0,0,
1783488758.159,aop6m_test_02,vital_signs_AOP_6m.cfg,404,0,50659332,682051,0,0,2,172,1010:112;1021:4,1,0,1,0,0,
1783488758.243,aop6m_test_02,vital_signs_AOP_6m.cfg,405,0,50659332,682051,0,1,3,208,1020:28;1010:112;1021:4,1,1,1,0,0,
1783488758.326,aop6m_test_02,vital_signs_AOP_6m.cfg,406,0,50659332,682051,0,0,3,181,1010:112;1011:1;1021:4,1,0,1,1,0,
1783488758.432,aop6m_test_02,vital_signs_AOP_6m.cfg,407,0,50659332,682051,0,0,2,172,1010:112;1021:4,1,0,1,0,0,
1783488758.515,aop6m_test_02,vital_signs_AOP_6m.cfg,408,0,50659332,682051,0,0,2,172,1010:112;1021:4,1,0,1,0,0,
1783488758.598,aop6m_test_02,vital_signs_AOP_6m.cfg,409,0,50659332,682051,0,0,2,172,1010:112;1021:4,1,0,1,0,0,
1783488758.703,aop6m_test_02,vital_signs_AOP_6m.cfg,410,0,50659332,682051,0,0,2,172,1010:112;1021:4,1,0,1,0,0,
1783488758.787,aop6m_test_02,vital_signs_AOP_6m.cfg,411,0,50659332,682051,0,0,2,172,1010:112;1021:4,1,0,1,0,0,
1783488758.871,aop6m_test_02,vital_signs_AOP_6m.cfg,412,0,50659332,682051,0,0,2,172,1010:112;1021:4,1,0,1,0,0,
1783488758.975,aop6m_test_02,vital_signs_AOP_6m.cfg,413,0,50659332,682051,0,0,2,172,1010:112;1021:4,1,0,1,0,0,
1783488759.058,aop6m_test_02,vital_signs_AOP_6m.cfg,414,0,50659332,682051,0,0,2,172,1010:112;1021:4,1,0,1,0,0,
1783488759.143,aop6m_test_02,vital_signs_AOP_6m.cfg,415,0,50659332,682051,0,0,2,172,1010:112;1021:4,1,0,1,0,0,
1783488759.268,aop6m_test_02,vital_signs_AOP_6m.cfg,416,0,50659332,682051,0,0,3,316,1010:112;1021:4;1040:136,1,0,1,0,1,
1783488759.332,aop6m_test_02,vital_signs_AOP_6m.cfg,417,0,50659332,682051,0,0,2,172,1010:112;1021:4,1,0,1,0,0,
1783488759.416,aop6m_test_02,vital_signs_AOP_6m.cfg,418,0,50659332,682051,0,0,2,172,1010:112;1021:4,1,0,1,0,0,
1783488759.500,aop6m_test_02,vital_signs_AOP_6m.cfg,419,0,50659332,682051,0,0,2,172,1010:112;1021:4,1,0,1,0,0,
1783488759.604,aop6m_test_02,vital_signs_AOP_6m.cfg,420,0,50659332,682051,0,0,2,172,1010:112;1021:4,1,0,1,0,0,
1783488759.688,aop6m_test_02,vital_signs_AOP_6m.cfg,421,0,50659332,682051,0,0,2,172,1010:112;1021:4,1,0,1,0,0,
1783488759.772,aop6m_test_02,vital_signs_AOP_6m.cfg,422,0,50659332,682051,0,0,2,172,1010:112;1021:4,1,0,1,0,0,
1783488759.856,aop6m_test_02,vital_signs_AOP_6m.cfg,423,0,50659332,682051,0,0,2,172,1010:112;1021:4,1,0,1,0,0,
1783488759.961,aop6m_test_02,vital_signs_AOP_6m.cfg,424,0,50659332,682051,0,0,2,172,1010:112;1021:4,1,0,1,0,0,
1783488760.045,aop6m_test_02,vital_signs_AOP_6m.cfg,425,0,50659332,682051,0,0,2,172,1010:112;1021:4,1,0,1,0,0,
1783488760.129,aop6m_test_02,vital_signs_AOP_6m.cfg,426,0,50659332,682051,0,1,3,208,1020:28;1010:112;1021:4,1,1,1,0,0,
1783488760.234,aop6m_test_02,vital_signs_AOP_6m.cfg,427,0,50659332,682051,0,0,3,181,1010:112;1011:1;1021:4,1,0,1,1,0,
1783488760.318,aop6m_test_02,vital_signs_AOP_6m.cfg,428,0,50659332,682051,0,0,2,172,1010:112;1021:4,1,0,1,0,0,
1783488760.402,aop6m_test_02,vital_signs_AOP_6m.cfg,429,0,50659332,682051,0,0,2,172,1010:112;1021:4,1,0,1,0,0,
1783488760.486,aop6m_test_02,vital_signs_AOP_6m.cfg,430,0,50659332,682051,0,0,2,172,1010:112;1021:4,1,0,1,0,0,
1783488760.591,aop6m_test_02,vital_signs_AOP_6m.cfg,431,0,50659332,682051,0,0,2,172,1010:112;1021:4,1,0,1,0,0,
1783488760.717,aop6m_test_02,vital_signs_AOP_6m.cfg,432,0,50659332,682051,0,0,3,316,1010:112;1021:4;1040:136,1,0,1,0,1,
1783488760.759,aop6m_test_02,vital_signs_AOP_6m.cfg,433,0,50659332,682051,0,0,2,172,1010:112;1021:4,1,0,1,0,0,
1783488760.864,aop6m_test_02,vital_signs_AOP_6m.cfg,434,0,50659332,682051,0,0,2,172,1010:112;1021:4,1,0,1,0,0,
1783488760.947,aop6m_test_02,vital_signs_AOP_6m.cfg,435,0,50659332,682051,0,0,2,172,1010:112;1021:4,1,0,1,0,0,
1783488761.032,aop6m_test_02,vital_signs_AOP_6m.cfg,436,0,50659332,682051,0,0,2,172,1010:112;1021:4,1,0,1,0,0,
1783488761.136,aop6m_test_02,vital_signs_AOP_6m.cfg,437,0,50659332,682051,0,6,3,248,1020:68;1010:112;1021:4,1,6,1,0,0,
1783488761.221,aop6m_test_02,vital_signs_AOP_6m.cfg,438,0,50659332,682051,0,0,3,186,1010:112;1011:6;1021:4,1,0,1,6,0,
1783488761.305,aop6m_test_02,vital_signs_AOP_6m.cfg,439,0,50659332,682051,0,0,2,172,1010:112;1021:4,1,0,1,0,0,
1783488761.389,aop6m_test_02,vital_signs_AOP_6m.cfg,440,0,50659332,682051,0,0,2,172,1010:112;1021:4,1,0,1,0,0,
1783488761.494,aop6m_test_02,vital_signs_AOP_6m.cfg,441,0,50659332,682051,0,0,2,172,1010:112;1021:4,1,0,1,0,0,
1783488761.577,aop6m_test_02,vital_signs_AOP_6m.cfg,442,0,50659332,682051,0,0,2,172,1010:112;1021:4,1,0,1,0,0,
1783488761.662,aop6m_test_02,vital_signs_AOP_6m.cfg,443,0,50659332,682051,0,0,2,172,1010:112;1021:4,1,0,1,0,0,
1783488761.748,aop6m_test_02,vital_signs_AOP_6m.cfg,444,0,50659332,682051,0,0,2,172,1010:112;1021:4,1,0,1,0,0,
1783488761.853,aop6m_test_02,vital_signs_AOP_6m.cfg,445,0,50659332,682051,0,0,2,172,1010:112;1021:4,1,0,1,0,0,
1783488761.937,aop6m_test_02,vital_signs_AOP_6m.cfg,446,0,50659332,682051,0,0,2,172,1010:112;1021:4,1,0,1,0,0,
1783488762.041,aop6m_test_02,vital_signs_AOP_6m.cfg,447,0,50659332,682051,0,2,3,216,1020:36;1010:112;1021:4,1,2,1,0,0,
1783488762.167,aop6m_test_02,vital_signs_AOP_6m.cfg,448,0,50659332,682051,0,2,5,370,1020:36;1010:112;1011:2;1021:4;1040:136,1,2,1,2,1,
1783488762.211,aop6m_test_02,vital_signs_AOP_6m.cfg,449,0,50659332,682051,0,0,3,182,1010:112;1011:2;1021:4,1,0,1,2,0,
1783488762.294,aop6m_test_02,vital_signs_AOP_6m.cfg,450,0,50659332,682051,0,0,2,172,1010:112;1021:4,1,0,1,0,0,
1783488762.378,aop6m_test_02,vital_signs_AOP_6m.cfg,451,0,50659332,682051,0,0,2,172,1010:112;1021:4,1,0,1,0,0,
1783488762.482,aop6m_test_02,vital_signs_AOP_6m.cfg,452,0,50659332,682051,0,0,2,172,1010:112;1021:4,1,0,1,0,0,
1783488762.566,aop6m_test_02,vital_signs_AOP_6m.cfg,453,0,50659332,682051,0,0,2,172,1010:112;1021:4,1,0,1,0,0,
1783488762.650,aop6m_test_02,vital_signs_AOP_6m.cfg,454,0,50659332,682051,0,0,2,172,1010:112;1021:4,1,0,1,0,0,
1783488762.755,aop6m_test_02,vital_signs_AOP_6m.cfg,455,0,50659332,682051,0,0,2,172,1010:112;1021:4,1,0,1,0,0,
1783488762.839,aop6m_test_02,vital_signs_AOP_6m.cfg,456,0,50659332,682051,0,0,2,172,1010:112;1021:4,1,0,1,0,0,
1783488762.923,aop6m_test_02,vital_signs_AOP_6m.cfg,457,0,50659332,682051,0,0,2,172,1010:112;1021:4,1,0,1,0,0,
1783488763.028,aop6m_test_02,vital_signs_AOP_6m.cfg,458,0,50659332,682051,0,3,3,224,1020:44;1010:112;1021:4,1,3,1,0,0,
1783488763.101,aop6m_test_02,vital_signs_AOP_6m.cfg,459,0,50659332,682051,0,0,3,183,1010:112;1011:3;1021:4,1,0,1,3,0,
1783488763.205,aop6m_test_02,vital_signs_AOP_6m.cfg,460,0,50659332,682051,0,0,2,172,1010:112;1021:4,1,0,1,0,0,
1783488763.288,aop6m_test_02,vital_signs_AOP_6m.cfg,461,0,50659332,682051,0,0,2,172,1010:112;1021:4,1,0,1,0,0,
1783488763.371,aop6m_test_02,vital_signs_AOP_6m.cfg,462,0,50659332,682051,0,0,2,172,1010:112;1021:4,1,0,1,0,0,
1783488763.476,aop6m_test_02,vital_signs_AOP_6m.cfg,463,0,50659332,682051,0,0,2,172,1010:112;1021:4,1,0,1,0,0,
1783488763.602,aop6m_test_02,vital_signs_AOP_6m.cfg,464,0,50659332,682051,0,0,3,316,1010:112;1021:4;1040:136,1,0,1,0,1,
1783488763.645,aop6m_test_02,vital_signs_AOP_6m.cfg,465,0,50659332,682051,0,0,2,172,1010:112;1021:4,1,0,1,0,0,
1783488763.728,aop6m_test_02,vital_signs_AOP_6m.cfg,466,0,50659332,682051,0,0,2,172,1010:112;1021:4,1,0,1,0,0,
1783488763.832,aop6m_test_02,vital_signs_AOP_6m.cfg,467,0,50659332,682051,0,0,2,172,1010:112;1021:4,1,0,1,0,0,
1783488763.916,aop6m_test_02,vital_signs_AOP_6m.cfg,468,0,50659332,682051,0,0,2,172,1010:112;1021:4,1,0,1,0,0,
1783488764.021,aop6m_test_02,vital_signs_AOP_6m.cfg,469,0,50659332,682051,0,22,3,376,1020:196;1010:112;1021:4,1,22,1,0,0,
1783488764.087,aop6m_test_02,vital_signs_AOP_6m.cfg,470,0,50659332,682051,0,0,3,202,1010:112;1011:22;1021:4,1,0,1,22,0,
1783488764.193,aop6m_test_02,vital_signs_AOP_6m.cfg,471,0,50659332,682051,0,0,2,172,1010:112;1021:4,1,0,1,0,0,
1783488764.276,aop6m_test_02,vital_signs_AOP_6m.cfg,472,0,50659332,682051,0,0,2,172,1010:112;1021:4,1,0,1,0,0,
1783488764.464,aop6m_test_02,vital_signs_AOP_6m.cfg,473,0,50659332,682051,0,3,3,224,1020:44;1010:112;1021:4,50594050,3,1,0,0,
1783488764.548,aop6m_test_02,vital_signs_AOP_6m.cfg,475,0,50659332,682051,0,0,2,172,1010:112;1021:4,1,0,1,0,0,
1783488764.632,aop6m_test_02,vital_signs_AOP_6m.cfg,476,0,50659332,682051,0,0,2,172,1010:112;1021:4,1,0,1,0,0,
1783488764.716,aop6m_test_02,vital_signs_AOP_6m.cfg,477,0,50659332,682051,0,0,2,172,1010:112;1021:4,1,0,1,0,0,
1783488764.821,aop6m_test_02,vital_signs_AOP_6m.cfg,478,0,50659332,682051,0,2,3,216,1020:36;1010:112;1021:4,1,2,1,0,0,
1783488764.906,aop6m_test_02,vital_signs_AOP_6m.cfg,479,0,50659332,682051,0,16,4,338,1020:148;1010:112;1011:2;1021:4,1,16,1,2,0,
1783488765.074,aop6m_test_02,vital_signs_AOP_6m.cfg,480,0,50659332,682051,0,16,5,496,1020:148;1010:112;1011:16;1021:4;1040:136,1,16,1,16,1,
1783488765.181,aop6m_test_02,vital_signs_AOP_6m.cfg,482,0,50659332,682051,0,3,3,224,1020:44;1010:112;1021:4,1,3,1,0,0,
1783488765.270,aop6m_test_02,vital_signs_AOP_6m.cfg,483,0,50659332,682051,0,0,3,183,1010:112;1011:3;1021:4,1,0,1,3,0,
1783488765.354,aop6m_test_02,vital_signs_AOP_6m.cfg,484,0,50659332,682051,0,0,2,172,1010:112;1021:4,1,0,1,0,0,
1783488765.438,aop6m_test_02,vital_signs_AOP_6m.cfg,485,0,50659332,682051,0,0,2,172,1010:112;1021:4,1,0,1,0,0,
1783488765.543,aop6m_test_02,vital_signs_AOP_6m.cfg,486,0,50659332,682051,0,0,2,172,1010:112;1021:4,1,0,1,0,0,
1783488765.627,aop6m_test_02,vital_signs_AOP_6m.cfg,487,0,50659332,682051,0,0,2,172,1010:112;1021:4,1,0,1,0,0,
1783488765.710,aop6m_test_02,vital_signs_AOP_6m.cfg,488,0,50659332,682051,0,0,2,172,1010:112;1021:4,1,0,1,0,0,
1783488765.795,aop6m_test_02,vital_signs_AOP_6m.cfg,489,0,50659332,682051,0,0,2,172,1010:112;1021:4,1,0,1,0,0,
1783488765.983,aop6m_test_02,vital_signs_AOP_6m.cfg,490,0,50659332,682051,0,6,3,248,1020:68;1010:112;1021:4,50594050,6,1,0,0,
1783488766.067,aop6m_test_02,vital_signs_AOP_6m.cfg,492,0,50659332,682051,0,0,2,172,1010:112;1021:4,1,0,1,0,0,
1783488766.171,aop6m_test_02,vital_signs_AOP_6m.cfg,493,0,50659332,682051,0,0,2,172,1010:112;1021:4,1,0,1,0,0,
1783488766.254,aop6m_test_02,vital_signs_AOP_6m.cfg,494,0,50659332,682051,0,0,2,172,1010:112;1021:4,1,0,1,0,0,
1783488766.338,aop6m_test_02,vital_signs_AOP_6m.cfg,495,0,50659332,682051,0,0,2,172,1010:112;1021:4,1,0,1,0,0,
1783488766.485,aop6m_test_02,vital_signs_AOP_6m.cfg,496,0,50659332,682051,0,0,3,316,1010:112;1021:4;1040:136,1,0,1,0,1,
1783488766.528,aop6m_test_02,vital_signs_AOP_6m.cfg,497,0,50659332,682051,0,0,2,172,1010:112;1021:4,1,0,1,0,0,
1783488766.612,aop6m_test_02,vital_signs_AOP_6m.cfg,498,0,50659332,682051,0,0,2,172,1010:112;1021:4,1,0,1,0,0,
1783488766.696,aop6m_test_02,vital_signs_AOP_6m.cfg,499,0,50659332,682051,0,0,2,172,1010:112;1021:4,1,0,1,0,0,
1783488766.800,aop6m_test_02,vital_signs_AOP_6m.cfg,500,0,50659332,682051,0,0,2,172,1010:112;1021:4,1,0,1,0,0,
1783488766.884,aop6m_test_02,vital_signs_AOP_6m.cfg,501,0,50659332,682051,0,7,3,256,1020:76;1010:112;1021:4,1,7,1,0,0,
1783488766.969,aop6m_test_02,vital_signs_AOP_6m.cfg,502,0,50659332,682051,0,0,3,187,1010:112;1011:7;1021:4,1,0,1,7,0,
1783488767.074,aop6m_test_02,vital_signs_AOP_6m.cfg,503,0,50659332,682051,0,0,2,172,1010:112;1021:4,1,0,1,0,0,
1783488767.158,aop6m_test_02,vital_signs_AOP_6m.cfg,504,0,50659332,682051,0,0,2,172,1010:112;1021:4,1,0,1,0,0,
1783488767.242,aop6m_test_02,vital_signs_AOP_6m.cfg,505,0,50659332,682051,0,0,2,172,1010:112;1021:4,1,0,1,0,0,
1783488767.326,aop6m_test_02,vital_signs_AOP_6m.cfg,506,0,50659332,682051,0,0,2,172,1010:112;1021:4,1,0,1,0,0,
1783488767.431,aop6m_test_02,vital_signs_AOP_6m.cfg,507,0,50659332,682051,0,0,2,172,1010:112;1021:4,1,0,1,0,0,
1783488767.515,aop6m_test_02,vital_signs_AOP_6m.cfg,508,0,50659332,682051,0,0,2,172,1010:112;1021:4,1,0,1,0,0,
1783488767.599,aop6m_test_02,vital_signs_AOP_6m.cfg,509,0,50659332,682051,0,0,2,172,1010:112;1021:4,1,0,1,0,0,
1783488767.702,aop6m_test_02,vital_signs_AOP_6m.cfg,510,0,50659332,682051,0,0,2,172,1010:112;1021:4,1,0,1,0,0,
1783488767.786,aop6m_test_02,vital_signs_AOP_6m.cfg,511,0,50659332,682051,0,9,3,272,1020:92;1010:112;1021:4,1,9,1,0,0,
1783488767.913,aop6m_test_02,vital_signs_AOP_6m.cfg,512,0,50659332,682051,0,9,5,433,1020:92;1010:112;1011:9;1021:4;1040:136,1,9,1,9,1,
1783488767.957,aop6m_test_02,vital_signs_AOP_6m.cfg,513,0,50659332,682051,0,0,3,189,1010:112;1011:9;1021:4,1,0,1,9,0,
1783488768.061,aop6m_test_02,vital_signs_AOP_6m.cfg,514,0,50659332,682051,0,0,2,172,1010:112;1021:4,1,0,1,0,0,
1783488768.145,aop6m_test_02,vital_signs_AOP_6m.cfg,515,0,50659332,682051,0,0,2,172,1010:112;1021:4,1,0,1,0,0,
1783488768.332,aop6m_test_02,vital_signs_AOP_6m.cfg,516,0,50659332,682051,0,0,2,172,1010:112;1021:4,50594050,0,1,0,0,
1783488768.499,aop6m_test_02,vital_signs_AOP_6m.cfg,518,0,50659332,682051,0,0,2,172,1010:112;1021:4,50594050,0,1,0,0,
1783488768.604,aop6m_test_02,vital_signs_AOP_6m.cfg,520,0,50659332,682051,0,0,2,172,1010:112;1021:4,1,0,1,0,0,
1783488768.687,aop6m_test_02,vital_signs_AOP_6m.cfg,521,0,50659332,682051,0,0,2,172,1010:112;1021:4,1,0,1,0,0,
1783488768.772,aop6m_test_02,vital_signs_AOP_6m.cfg,522,0,50659332,682051,0,0,2,172,1010:112;1021:4,1,0,1,0,0,
1783488768.876,aop6m_test_02,vital_signs_AOP_6m.cfg,523,0,50659332,682051,0,0,2,172,1010:112;1021:4,1,0,1,0,0,
1783488768.960,aop6m_test_02,vital_signs_AOP_6m.cfg,524,0,50659332,682051,0,0,2,172,1010:112;1021:4,1,0,1,0,0,
1783488769.044,aop6m_test_02,vital_signs_AOP_6m.cfg,525,0,50659332,682051,0,0,2,172,1010:112;1021:4,1,0,1,0,0,
1783488769.128,aop6m_test_02,vital_signs_AOP_6m.cfg,526,0,50659332,682051,0,0,2,172,1010:112;1021:4,1,0,1,0,0,
1783488769.233,aop6m_test_02,vital_signs_AOP_6m.cfg,527,0,50659332,682051,0,0,2,172,1010:112;1021:4,1,0,1,0,0,
1783488769.357,aop6m_test_02,vital_signs_AOP_6m.cfg,528,0,50659332,682051,0,0,3,316,1010:112;1021:4;1040:136,1,0,1,0,1,
1783488769.400,aop6m_test_02,vital_signs_AOP_6m.cfg,529,0,50659332,682051,0,0,2,172,1010:112;1021:4,1,0,1,0,0,
1783488769.505,aop6m_test_02,vital_signs_AOP_6m.cfg,530,0,50659332,682051,0,0,2,172,1010:112;1021:4,1,0,1,0,0,
1783488769.589,aop6m_test_02,vital_signs_AOP_6m.cfg,531,0,50659332,682051,0,0,2,172,1010:112;1021:4,1,0,1,0,0,
1783488769.674,aop6m_test_02,vital_signs_AOP_6m.cfg,532,0,50659332,682051,0,0,2,172,1010:112;1021:4,1,0,1,0,0,
1783488769.779,aop6m_test_02,vital_signs_AOP_6m.cfg,533,0,50659332,682051,0,8,3,264,1020:84;1010:112;1021:4,1,8,1,0,0,
1783488769.864,aop6m_test_02,vital_signs_AOP_6m.cfg,534,0,50659332,682051,0,0,3,188,1010:112;1011:8;1021:4,1,0,1,8,0,
1783488769.949,aop6m_test_02,vital_signs_AOP_6m.cfg,535,0,50659332,682051,0,0,2,172,1010:112;1021:4,1,0,1,0,0,
1783488770.116,aop6m_test_02,vital_signs_AOP_6m.cfg,536,0,50659332,682051,0,0,2,172,1010:112;1021:4,50594050,0,1,0,0,
1783488770.221,aop6m_test_02,vital_signs_AOP_6m.cfg,538,0,50659332,682051,0,0,2,172,1010:112;1021:4,1,0,1,0,0,
1783488770.304,aop6m_test_02,vital_signs_AOP_6m.cfg,539,0,50659332,682051,0,0,2,172,1010:112;1021:4,1,0,1,0,0,
1783488770.492,aop6m_test_02,vital_signs_AOP_6m.cfg,540,0,50659332,682051,0,0,2,172,1010:112;1021:4,50594050,0,1,0,0,
1783488770.575,aop6m_test_02,vital_signs_AOP_6m.cfg,542,0,50659332,682051,0,0,2,172,1010:112;1021:4,1,0,1,0,0,
1783488770.680,aop6m_test_02,vital_signs_AOP_6m.cfg,543,0,50659332,682051,0,23,3,384,1020:204;1010:112;1021:4,1,23,1,0,0,
1783488770.809,aop6m_test_02,vital_signs_AOP_6m.cfg,544,0,50659332,682051,0,23,5,559,1020:204;1010:112;1011:23;1021:4;1040:136,1,23,1,23,1,
1783488770.855,aop6m_test_02,vital_signs_AOP_6m.cfg,545,0,50659332,682051,0,0,3,203,1010:112;1011:23;1021:4,1,0,1,23,0,
1783488771.022,aop6m_test_02,vital_signs_AOP_6m.cfg,546,0,50659332,682051,0,0,2,172,1010:112;1021:4,50594050,0,1,0,0,
1783488771.105,aop6m_test_02,vital_signs_AOP_6m.cfg,548,0,50659332,682051,0,0,2,172,1010:112;1021:4,1,0,1,0,0,
1783488771.209,aop6m_test_02,vital_signs_AOP_6m.cfg,549,0,50659332,682051,0,0,2,172,1010:112;1021:4,1,0,1,0,0,
1783488771.292,aop6m_test_02,vital_signs_AOP_6m.cfg,550,0,50659332,682051,0,0,2,172,1010:112;1021:4,1,0,1,0,0,
1783488771.375,aop6m_test_02,vital_signs_AOP_6m.cfg,551,0,50659332,682051,0,0,2,172,1010:112;1021:4,1,0,1,0,0,
1783488771.479,aop6m_test_02,vital_signs_AOP_6m.cfg,552,0,50659332,682051,0,0,2,172,1010:112;1021:4,1,0,1,0,0,
1783488771.562,aop6m_test_02,vital_signs_AOP_6m.cfg,553,0,50659332,682051,0,0,2,172,1010:112;1021:4,1,0,1,0,0,
1783488771.665,aop6m_test_02,vital_signs_AOP_6m.cfg,554,0,50659332,682051,0,1,3,208,1020:28;1010:112;1021:4,1,1,1,0,0,
1783488771.749,aop6m_test_02,vital_signs_AOP_6m.cfg,555,0,50659332,682051,0,0,3,181,1010:112;1011:1;1021:4,1,0,1,1,0,
1783488771.832,aop6m_test_02,vital_signs_AOP_6m.cfg,556,0,50659332,682051,0,3,3,224,1020:44;1010:112;1021:4,1,3,1,0,0,
1783488772.021,aop6m_test_02,vital_signs_AOP_6m.cfg,557,0,50659332,682051,0,13,4,315,1020:124;1010:112,,13,1,0,0,
1783488772.108,aop6m_test_02,vital_signs_AOP_6m.cfg,559,0,50659332,682051,0,91,4,961,1020:748;1010:112;1011:25;1021:4,1,91,1,25,0,
1783488772.243,aop6m_test_02,vital_signs_AOP_6m.cfg,560,0,50659332,682051,0,91,5,1171,1020:748;1010:112;1011:91;1021:4;1040:136,1,91,1,91,1,
1783488772.299,aop6m_test_02,vital_signs_AOP_6m.cfg,561,0,50659332,682051,0,101,4,1107,1020:828;1010:112;1011:91;1021:4,1,101,1,91,0,
1783488772.398,aop6m_test_02,vital_signs_AOP_6m.cfg,562,0,50659332,682051,0,89,4,1021,1020:732;1010:112;1011:101;1021:4,1,89,1,101,0,
1783488772.494,aop6m_test_02,vital_signs_AOP_6m.cfg,563,0,50659332,682051,0,149,4,1489,1020:1212;1010:112;1011:89;1021:4,1,149,1,89,0,
1783488772.576,aop6m_test_02,vital_signs_AOP_6m.cfg,564,0,50659332,682051,0,149,4,1549,1020:1212;1010:112;1011:149;1021:4,1,149,1,149,0,
1783488772.658,aop6m_test_02,vital_signs_AOP_6m.cfg,565,0,50659332,682051,0,0,3,329,1010:112;1011:149;1021:4,1,0,1,149,0,
1783488772.745,aop6m_test_02,vital_signs_AOP_6m.cfg,566,0,50659332,682051,0,116,3,1128,1020:948;1010:112;1021:4,1,116,1,0,0,
1783488772.925,aop6m_test_02,vital_signs_AOP_6m.cfg,567,0,50659332,682051,0,82,4,980,1020:676,,82,0,0,0,
1783488773.102,aop6m_test_02,vital_signs_AOP_6m.cfg,569,0,50659332,682051,0,40,4,677,1020:340;112:0,,40,0,0,0,112:0
1783488773.191,aop6m_test_02,vital_signs_AOP_6m.cfg,571,0,50659332,682051,0,82,4,978,1020:676;1010:112;1011:114;1021:4,1,82,1,114,0,
1783488773.370,aop6m_test_02,vital_signs_AOP_6m.cfg,572,0,50659332,682051,0,92,4,1026,1020:756,,92,0,0,0,
1783488773.486,aop6m_test_02,vital_signs_AOP_6m.cfg,574,0,50659332,682051,0,149,4,1527,1020:1212;1010:112;1011:127;1021:4,1,149,1,127,0,
1783488773.567,aop6m_test_02,vital_signs_AOP_6m.cfg,575,0,50659332,682051,0,0,3,329,1010:112;1011:149;1021:4,1,0,1,149,0,
1783488773.674,aop6m_test_02,vital_signs_AOP_6m.cfg,576,0,50659332,682051,0,0,3,316,1010:112;1021:4;1040:136,1,0,1,0,1,
1783488773.738,aop6m_test_02,vital_signs_AOP_6m.cfg,577,0,50659332,682051,0,45,3,560,1020:380;1010:112;1021:4,1,45,1,0,0,
1783488773.828,aop6m_test_02,vital_signs_AOP_6m.cfg,578,0,50659332,682051,0,49,4,645,1020:412;1010:112;1011:45;1021:4,1,49,1,45,0,
1783488773.918,aop6m_test_02,vital_signs_AOP_6m.cfg,579,0,50659332,682051,0,18,4,401,1020:164;1010:112;1011:49;1021:4,1,18,1,49,0,
1783488774.005,aop6m_test_02,vital_signs_AOP_6m.cfg,580,0,50659332,682051,0,30,4,466,1020:260;1010:112;1011:18;1021:4,1,30,1,18,0,
1783488774.092,aop6m_test_02,vital_signs_AOP_6m.cfg,581,0,50659332,682051,0,49,4,630,1020:412;1010:112;1011:30;1021:4,1,49,1,30,0,
